[     412ms] Identifier 'getCandleChartAxisLocationFromDate' has already been declared
[    1078ms] [LOG] Defaulting to SciChart Community Edition. Usage constitutes acceptance of our EULA and terms at https://www.scichart.com/community-licensing. See https://store.scichart.com for commercial licensing options. @ https://cdn.jsdelivr.net/npm/scichart@4.0.933/index.min.js:0
[    1078ms] [LOG] The community license is valid for 6 months from the date the version in use was released.  This version 4.0.933 has 74 days remaining @ https://cdn.jsdelivr.net/npm/scichart@4.0.933/index.min.js:0
[    1120ms] [ERROR] Failed to load resource: net::ERR_CONNECTION_REFUSED @ http://localhost:24278/license:0
[    6126ms] [ERROR] Failed to load resource: net::ERR_CONNECTION_REFUSED @ http://localhost:24278/license:0
[   11131ms] [ERROR] Failed to load resource: net::ERR_CONNECTION_REFUSED @ http://localhost:24278/license:0
[   16138ms] [ERROR] Failed to load resource: net::ERR_CONNECTION_REFUSED @ http://localhost:24278/license:0
[   21142ms] [ERROR] Failed to load resource: net::ERR_CONNECTION_REFUSED @ http://localhost:24278/license:0
[   26149ms] [ERROR] Failed to load resource: net::ERR_CONNECTION_REFUSED @ http://localhost:24278/license:0
[   31156ms] [ERROR] Failed to load resource: net::ERR_CONNECTION_REFUSED @ http://localhost:24278/license:0
[   36162ms] [ERROR] Failed to load resource: net::ERR_CONNECTION_REFUSED @ http://localhost:24278/license:0
[   41167ms] [ERROR] Failed to load resource: net::ERR_CONNECTION_REFUSED @ http://localhost:24278/license:0
[   46179ms] [ERROR] Failed to load resource: net::ERR_CONNECTION_REFUSED @ http://localhost:24278/license:0
[   46179ms] [LOG] Failed to connect to licensing wizard. Refresh page to retry. @ https://cdn.jsdelivr.net/npm/scichart@4.0.933/index.min.js:0
[  984119ms] [LOG] Defaulting to SciChart Community Edition. Usage constitutes acceptance of our EULA and terms at https://www.scichart.com/community-licensing. See https://store.scichart.com for commercial licensing options. @ https://cdn.jsdelivr.net/npm/scichart@4.0.933/index.min.js:0
[  984119ms] [LOG] The community license is valid for 6 months from the date the version in use was released.  This version 4.0.933 has 74 days remaining @ https://cdn.jsdelivr.net/npm/scichart@4.0.933/index.min.js:0
[  984147ms] [ERROR] Failed to load resource: net::ERR_CONNECTION_REFUSED @ http://localhost:24278/license:0
[  984150ms] [ERROR] Error initializing SciChart: TypeError: Cannot read properties of undefined (reading 'length')
    at buildChartData (file:///Users/mickael/development/EmittersWebsite/tools/index6.html:1119:43)
    at file:///Users/mickael/development/EmittersWebsite/tools/index6.html:1926:11 @ file:///Users/mickael/development/EmittersWebsite/tools/index6.html:2221
[  989153ms] [ERROR] Failed to load resource: net::ERR_CONNECTION_REFUSED @ http://localhost:24278/license:0
[  990153ms] [ERROR] Unsafe attempt to load URL file:///Users/mickael/development/EmittersWebsite/tools/index6.html from frame with URL file:///Users/mickael/development/EmittersWebsite/tools/index6.html. 'file:' URLs are treated as unique security origins.
 @ file:///Users/mickael/development/EmittersWebsite/tools/index6.html:0
[  994155ms] [ERROR] Failed to load resource: net::ERR_CONNECTION_REFUSED @ http://localhost:24278/license:0
[  999161ms] [ERROR] Failed to load resource: net::ERR_CONNECTION_REFUSED @ http://localhost:24278/license:0
[ 1004169ms] [ERROR] Failed to load resource: net::ERR_CONNECTION_REFUSED @ http://localhost:24278/license:0
[ 1009176ms] [ERROR] Failed to load resource: net::ERR_CONNECTION_REFUSED @ http://localhost:24278/license:0
[ 1014181ms] [ERROR] Failed to load resource: net::ERR_CONNECTION_REFUSED @ http://localhost:24278/license:0
[ 1019186ms] [ERROR] Failed to load resource: net::ERR_CONNECTION_REFUSED @ http://localhost:24278/license:0
[ 1024190ms] [ERROR] Failed to load resource: net::ERR_CONNECTION_REFUSED @ http://localhost:24278/license:0
[ 1029201ms] [ERROR] Failed to load resource: net::ERR_CONNECTION_REFUSED @ http://localhost:24278/license:0
[ 1029202ms] [LOG] Failed to connect to licensing wizard. Refresh page to retry. @ https://cdn.jsdelivr.net/npm/scichart@4.0.933/index.min.js:0
[ 1033180ms] [WARNING] Data Distribution flag (BaseDataSeries.containsNaN = false) can be applied to improve performance. Read this website article https://www.scichart.com/documentation/js/current/DataSeries_Resampling.html for more info. To disable this warning set SciChartDefaults.performanceWarnings = false @ https://cdn.jsdelivr.net/npm/scichart@4.0.933/index.min.js:0
[ 1033181ms] [ERROR] Error initializing SciChart: TypeError: Cannot read properties of null (reading 'value')
    at onCandleDrawn (file:///Users/mickael/development/EmittersWebsite/tools/index6.html:1521:44)
    at file:///Users/mickael/development/EmittersWebsite/tools/index6.html:1762:17
    at Array.map (<anonymous>)
    at buildChartData (file:///Users/mickael/development/EmittersWebsite/tools/index6.html:1721:33)
    at file:///Users/mickael/development/EmittersWebsite/tools/index6.html:1926:11 @ file:///Users/mickael/development/EmittersWebsite/tools/index6.html:2221
[ 1033182ms] [ERROR] Error initializing SciChart: TypeError: Cannot read properties of null (reading 'value')
    at onCandleDrawn (file:///Users/mickael/development/EmittersWebsite/tools/index6.html:1521:44)
    at file:///Users/mickael/development/EmittersWebsite/tools/index6.html:1762:17
    at Array.map (<anonymous>)
    at buildChartData (file:///Users/mickael/development/EmittersWebsite/tools/index6.html:1721:33)
    at file:///Users/mickael/development/EmittersWebsite/tools/index6.html:1926:11 @ file:///Users/mickael/development/EmittersWebsite/tools/index6.html:2221
[ 1443925ms] [LOG] Defaulting to SciChart Community Edition. Usage constitutes acceptance of our EULA and terms at https://www.scichart.com/community-licensing. See https://store.scichart.com for commercial licensing options. @ https://cdn.jsdelivr.net/npm/scichart@4.0.933/index.min.js:0
[ 1443925ms] [LOG] The community license is valid for 6 months from the date the version in use was released.  This version 4.0.933 has 74 days remaining @ https://cdn.jsdelivr.net/npm/scichart@4.0.933/index.min.js:0
[ 1443963ms] [ERROR] Failed to load resource: net::ERR_CONNECTION_REFUSED @ http://localhost:24278/license:0
[ 1443967ms] [WARNING] Invalid or empty data passed to buildChartData: undefined @ file:///Users/mickael/development/EmittersWebsite/tools/index6.html:1118
[ 1448966ms] [ERROR] Failed to load resource: net::ERR_CONNECTION_REFUSED @ http://localhost:24278/license:0
[ 1453972ms] [ERROR] Failed to load resource: net::ERR_CONNECTION_REFUSED @ http://localhost:24278/license:0
[ 1458977ms] [ERROR] Failed to load resource: net::ERR_CONNECTION_REFUSED @ http://localhost:24278/license:0
[ 1461108ms] [WARNING] Data Distribution flag (BaseDataSeries.containsNaN = false) can be applied to improve performance. Read this website article https://www.scichart.com/documentation/js/current/DataSeries_Resampling.html for more info. To disable this warning set SciChartDefaults.performanceWarnings = false @ https://cdn.jsdelivr.net/npm/scichart@4.0.933/index.min.js:0
[ 1461112ms] [ERROR] Error initializing SciChart: ReferenceError: EnumOrderStatus is not defined
    at AddActionOnChart (file:///Users/mickael/development/EmittersWebsite/tools/index6.html:1408:36)
    at onCandleDrawn (file:///Users/mickael/development/EmittersWebsite/tools/index6.html:1506:21)
    at file:///Users/mickael/development/EmittersWebsite/tools/index6.html:1785:17
    at Array.map (<anonymous>)
    at buildChartData (file:///Users/mickael/development/EmittersWebsite/tools/index6.html:1744:33)
    at file:///Users/mickael/development/EmittersWebsite/tools/index6.html:1949:11 @ file:///Users/mickael/development/EmittersWebsite/tools/index6.html:2244
[ 1461114ms] [ERROR] Error initializing SciChart: ReferenceError: EnumOrderStatus is not defined
    at AddActionOnChart (file:///Users/mickael/development/EmittersWebsite/tools/index6.html:1408:36)
    at onCandleDrawn (file:///Users/mickael/development/EmittersWebsite/tools/index6.html:1506:21)
    at file:///Users/mickael/development/EmittersWebsite/tools/index6.html:1785:17
    at Array.map (<anonymous>)
    at buildChartData (file:///Users/mickael/development/EmittersWebsite/tools/index6.html:1744:33)
    at file:///Users/mickael/development/EmittersWebsite/tools/index6.html:1949:11 @ file:///Users/mickael/development/EmittersWebsite/tools/index6.html:2244
[ 1463984ms] [ERROR] Failed to load resource: net::ERR_CONNECTION_REFUSED @ http://localhost:24278/license:0
[ 1468987ms] [ERROR] Failed to load resource: net::ERR_CONNECTION_REFUSED @ http://localhost:24278/license:0
[ 1474157ms] [ERROR] Failed to load resource: net::ERR_CONNECTION_REFUSED @ http://localhost:24278/license:0
[ 1479165ms] [ERROR] Failed to load resource: net::ERR_CONNECTION_REFUSED @ http://localhost:24278/license:0
[ 1484173ms] [ERROR] Failed to load resource: net::ERR_CONNECTION_REFUSED @ http://localhost:24278/license:0
[ 1489182ms] [ERROR] Failed to load resource: net::ERR_CONNECTION_REFUSED @ http://localhost:24278/license:0
[ 1489182ms] [LOG] Failed to connect to licensing wizard. Refresh page to retry. @ https://cdn.jsdelivr.net/npm/scichart@4.0.933/index.min.js:0
[ 1590243ms] [LOG] Defaulting to SciChart Community Edition. Usage constitutes acceptance of our EULA and terms at https://www.scichart.com/community-licensing. See https://store.scichart.com for commercial licensing options. @ https://cdn.jsdelivr.net/npm/scichart@4.0.933/index.min.js:0
[ 1590243ms] [LOG] The community license is valid for 6 months from the date the version in use was released.  This version 4.0.933 has 74 days remaining @ https://cdn.jsdelivr.net/npm/scichart@4.0.933/index.min.js:0
[ 1590276ms] [ERROR] Failed to load resource: net::ERR_CONNECTION_REFUSED @ http://localhost:24278/license:0
[ 1590279ms] [WARNING] Invalid or empty data passed to buildChartData: undefined @ file:///Users/mickael/development/EmittersWebsite/tools/index6.html:1118
[ 1595283ms] [ERROR] Failed to load resource: net::ERR_CONNECTION_REFUSED @ http://localhost:24278/license:0
[ 1599395ms] [WARNING] Data Distribution flag (BaseDataSeries.containsNaN = false) can be applied to improve performance. Read this website article https://www.scichart.com/documentation/js/current/DataSeries_Resampling.html for more info. To disable this warning set SciChartDefaults.performanceWarnings = false @ https://cdn.jsdelivr.net/npm/scichart@4.0.933/index.min.js:0
[ 1599414ms] [LOG] Orders History: [Object, Object, Object, Object, Object, Object, Object, Object] @ file:///Users/mickael/development/EmittersWebsite/tools/index6.html:1638
[ 1599415ms] [ERROR] Error initializing SciChart: TypeError: Assignment to constant variable.
    at onCandleDrawn (file:///Users/mickael/development/EmittersWebsite/tools/index6.html:1675:26)
    at file:///Users/mickael/development/EmittersWebsite/tools/index6.html:1802:17
    at Array.map (<anonymous>)
    at buildChartData (file:///Users/mickael/development/EmittersWebsite/tools/index6.html:1761:33)
    at file:///Users/mickael/development/EmittersWebsite/tools/index6.html:1966:11 @ file:///Users/mickael/development/EmittersWebsite/tools/index6.html:2261
[ 1599431ms] [LOG] Orders History: [Object, Object, Object, Object, Object, Object, Object, Object] @ file:///Users/mickael/development/EmittersWebsite/tools/index6.html:1638
[ 1599431ms] [ERROR] Error initializing SciChart: TypeError: Assignment to constant variable.
    at onCandleDrawn (file:///Users/mickael/development/EmittersWebsite/tools/index6.html:1675:26)
    at file:///Users/mickael/development/EmittersWebsite/tools/index6.html:1802:17
    at Array.map (<anonymous>)
    at buildChartData (file:///Users/mickael/development/EmittersWebsite/tools/index6.html:1761:33)
    at file:///Users/mickael/development/EmittersWebsite/tools/index6.html:1966:11 @ file:///Users/mickael/development/EmittersWebsite/tools/index6.html:2261
[ 1599433ms] [ERROR] Cannot draw annotations before axes have been configured. Add axes first, or use suspendUpdates to pause drawing until axes are available. @ https://cdn.jsdelivr.net/npm/scichart@4.0.933/index.min.js:0
[ 1599433ms] [ERROR] Cannot draw annotations before axes have been configured. Add axes first, or use suspendUpdates to pause drawing until axes are available. @ https://cdn.jsdelivr.net/npm/scichart@4.0.933/index.min.js:0
[ 1599433ms] [ERROR] Cannot draw annotations before axes have been configured. Add axes first, or use suspendUpdates to pause drawing until axes are available. @ https://cdn.jsdelivr.net/npm/scichart@4.0.933/index.min.js:0
[ 1599433ms] [ERROR] Cannot draw annotations before axes have been configured. Add axes first, or use suspendUpdates to pause drawing until axes are available. @ https://cdn.jsdelivr.net/npm/scichart@4.0.933/index.min.js:0
[ 1599434ms] [ERROR] Cannot draw annotations before axes have been configured. Add axes first, or use suspendUpdates to pause drawing until axes are available. @ https://cdn.jsdelivr.net/npm/scichart@4.0.933/index.min.js:0
[ 1599434ms] [ERROR] Cannot draw annotations before axes have been configured. Add axes first, or use suspendUpdates to pause drawing until axes are available. @ https://cdn.jsdelivr.net/npm/scichart@4.0.933/index.min.js:0
[ 1599434ms] [ERROR] Cannot draw annotations before axes have been configured. Add axes first, or use suspendUpdates to pause drawing until axes are available. @ https://cdn.jsdelivr.net/npm/scichart@4.0.933/index.min.js:0
[ 1599434ms] [ERROR] Cannot draw annotations before axes have been configured. Add axes first, or use suspendUpdates to pause drawing until axes are available. @ https://cdn.jsdelivr.net/npm/scichart@4.0.933/index.min.js:0
[ 1599434ms] [ERROR] Cannot draw annotations before axes have been configured. Add axes first, or use suspendUpdates to pause drawing until axes are available. @ https://cdn.jsdelivr.net/npm/scichart@4.0.933/index.min.js:0
[ 1599435ms] [ERROR] Cannot draw annotations before axes have been configured. Add axes first, or use suspendUpdates to pause drawing until axes are available. @ https://cdn.jsdelivr.net/npm/scichart@4.0.933/index.min.js:0
[ 1599435ms] [ERROR] Cannot draw annotations before axes have been configured. Add axes first, or use suspendUpdates to pause drawing until axes are available. @ https://cdn.jsdelivr.net/npm/scichart@4.0.933/index.min.js:0
[ 1599435ms] [ERROR] Cannot draw annotations before axes have been configured. Add axes first, or use suspendUpdates to pause drawing until axes are available. @ https://cdn.jsdelivr.net/npm/scichart@4.0.933/index.min.js:0
[ 1599435ms] [ERROR] Cannot draw annotations before axes have been configured. Add axes first, or use suspendUpdates to pause drawing until axes are available. @ https://cdn.jsdelivr.net/npm/scichart@4.0.933/index.min.js:0
[ 1599435ms] [ERROR] Cannot draw annotations before axes have been configured. Add axes first, or use suspendUpdates to pause drawing until axes are available. @ https://cdn.jsdelivr.net/npm/scichart@4.0.933/index.min.js:0
[ 1599436ms] [ERROR] Cannot draw annotations before axes have been configured. Add axes first, or use suspendUpdates to pause drawing until axes are available. @ https://cdn.jsdelivr.net/npm/scichart@4.0.933/index.min.js:0
[ 1599436ms] [ERROR] Cannot draw annotations before axes have been configured. Add axes first, or use suspendUpdates to pause drawing until axes are available. @ https://cdn.jsdelivr.net/npm/scichart@4.0.933/index.min.js:0
[ 1599436ms] [ERROR] Cannot draw annotations before axes have been configured. Add axes first, or use suspendUpdates to pause drawing until axes are available. @ https://cdn.jsdelivr.net/npm/scichart@4.0.933/index.min.js:0
[ 1599436ms] [ERROR] Cannot draw annotations before axes have been configured. Add axes first, or use suspendUpdates to pause drawing until axes are available. @ https://cdn.jsdelivr.net/npm/scichart@4.0.933/index.min.js:0
[ 1599437ms] [ERROR] Cannot draw annotations before axes have been configured. Add axes first, or use suspendUpdates to pause drawing until axes are available. @ https://cdn.jsdelivr.net/npm/scichart@4.0.933/index.min.js:0
[ 1599437ms] [ERROR] Cannot draw annotations before axes have been configured. Add axes first, or use suspendUpdates to pause drawing until axes are available. @ https://cdn.jsdelivr.net/npm/scichart@4.0.933/index.min.js:0
[ 1599437ms] [ERROR] Cannot draw annotations before axes have been configured. Add axes first, or use suspendUpdates to pause drawing until axes are available. @ https://cdn.jsdelivr.net/npm/scichart@4.0.933/index.min.js:0
[ 1599437ms] [ERROR] Cannot draw annotations before axes have been configured. Add axes first, or use suspendUpdates to pause drawing until axes are available. @ https://cdn.jsdelivr.net/npm/scichart@4.0.933/index.min.js:0
[ 1599438ms] [ERROR] Cannot draw annotations before axes have been configured. Add axes first, or use suspendUpdates to pause drawing until axes are available. @ https://cdn.jsdelivr.net/npm/scichart@4.0.933/index.min.js:0
[ 1599438ms] [ERROR] Cannot draw annotations before axes have been configured. Add axes first, or use suspendUpdates to pause drawing until axes are available. @ https://cdn.jsdelivr.net/npm/scichart@4.0.933/index.min.js:0
[ 1600293ms] [ERROR] Failed to load resource: net::ERR_CONNECTION_REFUSED @ http://localhost:24278/license:0
[ 1605296ms] [ERROR] Failed to load resource: net::ERR_CONNECTION_REFUSED @ http://localhost:24278/license:0
[ 1610306ms] [ERROR] Failed to load resource: net::ERR_CONNECTION_REFUSED @ http://localhost:24278/license:0
[ 1615313ms] [ERROR] Failed to load resource: net::ERR_CONNECTION_REFUSED @ http://localhost:24278/license:0
[ 1620468ms] [ERROR] Failed to load resource: net::ERR_CONNECTION_REFUSED @ http://localhost:24278/license:0
[ 1625476ms] [ERROR] Failed to load resource: net::ERR_CONNECTION_REFUSED @ http://localhost:24278/license:0
[ 1630486ms] [ERROR] Failed to load resource: net::ERR_CONNECTION_REFUSED @ http://localhost:24278/license:0
[ 1635493ms] [ERROR] Failed to load resource: net::ERR_CONNECTION_REFUSED @ http://localhost:24278/license:0
[ 1635493ms] [LOG] Failed to connect to licensing wizard. Refresh page to retry. @ https://cdn.jsdelivr.net/npm/scichart@4.0.933/index.min.js:0
[ 1635497ms] [ERROR] Cannot draw annotations before axes have been configured. Add axes first, or use suspendUpdates to pause drawing until axes are available. @ https://cdn.jsdelivr.net/npm/scichart@4.0.933/index.min.js:0
[ 1635497ms] [ERROR] Cannot draw annotations before axes have been configured. Add axes first, or use suspendUpdates to pause drawing until axes are available. @ https://cdn.jsdelivr.net/npm/scichart@4.0.933/index.min.js:0
[ 1635497ms] [ERROR] Cannot draw annotations before axes have been configured. Add axes first, or use suspendUpdates to pause drawing until axes are available. @ https://cdn.jsdelivr.net/npm/scichart@4.0.933/index.min.js:0
[ 1635497ms] [ERROR] Cannot draw annotations before axes have been configured. Add axes first, or use suspendUpdates to pause drawing until axes are available. @ https://cdn.jsdelivr.net/npm/scichart@4.0.933/index.min.js:0
[ 1635498ms] [ERROR] Cannot draw annotations before axes have been configured. Add axes first, or use suspendUpdates to pause drawing until axes are available. @ https://cdn.jsdelivr.net/npm/scichart@4.0.933/index.min.js:0
[ 1635498ms] [ERROR] Cannot draw annotations before axes have been configured. Add axes first, or use suspendUpdates to pause drawing until axes are available. @ https://cdn.jsdelivr.net/npm/scichart@4.0.933/index.min.js:0
[ 1635498ms] [ERROR] Cannot draw annotations before axes have been configured. Add axes first, or use suspendUpdates to pause drawing until axes are available. @ https://cdn.jsdelivr.net/npm/scichart@4.0.933/index.min.js:0
[ 1635498ms] [ERROR] Cannot draw annotations before axes have been configured. Add axes first, or use suspendUpdates to pause drawing until axes are available. @ https://cdn.jsdelivr.net/npm/scichart@4.0.933/index.min.js:0
[ 1635498ms] [ERROR] Cannot draw annotations before axes have been configured. Add axes first, or use suspendUpdates to pause drawing until axes are available. @ https://cdn.jsdelivr.net/npm/scichart@4.0.933/index.min.js:0
[ 1635499ms] [ERROR] Cannot draw annotations before axes have been configured. Add axes first, or use suspendUpdates to pause drawing until axes are available. @ https://cdn.jsdelivr.net/npm/scichart@4.0.933/index.min.js:0
[ 1635499ms] [ERROR] Cannot draw annotations before axes have been configured. Add axes first, or use suspendUpdates to pause drawing until axes are available. @ https://cdn.jsdelivr.net/npm/scichart@4.0.933/index.min.js:0
[ 1635499ms] [ERROR] Cannot draw annotations before axes have been configured. Add axes first, or use suspendUpdates to pause drawing until axes are available. @ https://cdn.jsdelivr.net/npm/scichart@4.0.933/index.min.js:0
[ 1635499ms] [ERROR] Cannot draw annotations before axes have been configured. Add axes first, or use suspendUpdates to pause drawing until axes are available. @ https://cdn.jsdelivr.net/npm/scichart@4.0.933/index.min.js:0
[ 1635499ms] [ERROR] Cannot draw annotations before axes have been configured. Add axes first, or use suspendUpdates to pause drawing until axes are available. @ https://cdn.jsdelivr.net/npm/scichart@4.0.933/index.min.js:0
[ 1635500ms] [ERROR] Cannot draw annotations before axes have been configured. Add axes first, or use suspendUpdates to pause drawing until axes are available. @ https://cdn.jsdelivr.net/npm/scichart@4.0.933/index.min.js:0
[ 1635500ms] [ERROR] Cannot draw annotations before axes have been configured. Add axes first, or use suspendUpdates to pause drawing until axes are available. @ https://cdn.jsdelivr.net/npm/scichart@4.0.933/index.min.js:0
[ 1635500ms] [ERROR] Cannot draw annotations before axes have been configured. Add axes first, or use suspendUpdates to pause drawing until axes are available. @ https://cdn.jsdelivr.net/npm/scichart@4.0.933/index.min.js:0
[ 1635501ms] [ERROR] Cannot draw annotations before axes have been configured. Add axes first, or use suspendUpdates to pause drawing until axes are available. @ https://cdn.jsdelivr.net/npm/scichart@4.0.933/index.min.js:0
[ 1635501ms] [ERROR] Cannot draw annotations before axes have been configured. Add axes first, or use suspendUpdates to pause drawing until axes are available. @ https://cdn.jsdelivr.net/npm/scichart@4.0.933/index.min.js:0
[ 1635501ms] [ERROR] Cannot draw annotations before axes have been configured. Add axes first, or use suspendUpdates to pause drawing until axes are available. @ https://cdn.jsdelivr.net/npm/scichart@4.0.933/index.min.js:0
[ 1635501ms] [ERROR] Cannot draw annotations before axes have been configured. Add axes first, or use suspendUpdates to pause drawing until axes are available. @ https://cdn.jsdelivr.net/npm/scichart@4.0.933/index.min.js:0
[ 1635501ms] [ERROR] Cannot draw annotations before axes have been configured. Add axes first, or use suspendUpdates to pause drawing until axes are available. @ https://cdn.jsdelivr.net/npm/scichart@4.0.933/index.min.js:0
[ 1635502ms] [ERROR] Cannot draw annotations before axes have been configured. Add axes first, or use suspendUpdates to pause drawing until axes are available. @ https://cdn.jsdelivr.net/npm/scichart@4.0.933/index.min.js:0
[ 1635502ms] [ERROR] Cannot draw annotations before axes have been configured. Add axes first, or use suspendUpdates to pause drawing until axes are available. @ https://cdn.jsdelivr.net/npm/scichart@4.0.933/index.min.js:0
[ 2319947ms] [LOG] Defaulting to SciChart Community Edition. Usage constitutes acceptance of our EULA and terms at https://www.scichart.com/community-licensing. See https://store.scichart.com for commercial licensing options. @ https://cdn.jsdelivr.net/npm/scichart@4.0.933/index.min.js:0
[ 2319947ms] [LOG] The community license is valid for 6 months from the date the version in use was released.  This version 4.0.933 has 74 days remaining @ https://cdn.jsdelivr.net/npm/scichart@4.0.933/index.min.js:0
[ 2319990ms] [ERROR] Failed to load resource: net::ERR_CONNECTION_REFUSED @ http://localhost:24278/license:0
[ 2319992ms] [WARNING] Invalid or empty data passed to buildChartData: undefined @ file:///Users/mickael/development/EmittersWebsite/tools/index6.html:1118
[ 2324999ms] [ERROR] Failed to load resource: net::ERR_CONNECTION_REFUSED @ http://localhost:24278/license:0
[ 2330002ms] [ERROR] Failed to load resource: net::ERR_CONNECTION_REFUSED @ http://localhost:24278/license:0
[ 2335006ms] [ERROR] Failed to load resource: net::ERR_CONNECTION_REFUSED @ http://localhost:24278/license:0
[ 2340017ms] [ERROR] Failed to load resource: net::ERR_CONNECTION_REFUSED @ http://localhost:24278/license:0
[ 2345021ms] [ERROR] Failed to load resource: net::ERR_CONNECTION_REFUSED @ http://localhost:24278/license:0
[ 2350027ms] [ERROR] Failed to load resource: net::ERR_CONNECTION_REFUSED @ http://localhost:24278/license:0
[ 2355034ms] [ERROR] Failed to load resource: net::ERR_CONNECTION_REFUSED @ http://localhost:24278/license:0
[ 2360044ms] [ERROR] Failed to load resource: net::ERR_CONNECTION_REFUSED @ http://localhost:24278/license:0
[ 2365049ms] [ERROR] Failed to load resource: net::ERR_CONNECTION_REFUSED @ http://localhost:24278/license:0
[ 2365049ms] [LOG] Failed to connect to licensing wizard. Refresh page to retry. @ https://cdn.jsdelivr.net/npm/scichart@4.0.933/index.min.js:0
[ 2769256ms] [LOG] Defaulting to SciChart Community Edition. Usage constitutes acceptance of our EULA and terms at https://www.scichart.com/community-licensing. See https://store.scichart.com for commercial licensing options. @ https://cdn.jsdelivr.net/npm/scichart@4.0.933/index.min.js:0
[ 2769256ms] [LOG] The community license is valid for 6 months from the date the version in use was released.  This version 4.0.933 has 74 days remaining @ https://cdn.jsdelivr.net/npm/scichart@4.0.933/index.min.js:0
[ 2769288ms] [ERROR] Failed to load resource: net::ERR_CONNECTION_REFUSED @ http://localhost:24278/license:0
[ 2774291ms] [ERROR] Failed to load resource: net::ERR_CONNECTION_REFUSED @ http://localhost:24278/license:0
[ 2779298ms] [ERROR] Failed to load resource: net::ERR_CONNECTION_REFUSED @ http://localhost:24278/license:0
[ 2781509ms] [WARNING] Data Distribution flag (BaseDataSeries.containsNaN = false) can be applied to improve performance. Read this website article https://www.scichart.com/documentation/js/current/DataSeries_Resampling.html for more info. To disable this warning set SciChartDefaults.performanceWarnings = false @ https://cdn.jsdelivr.net/npm/scichart@4.0.933/index.min.js:0
[ 2781526ms] [LOG] Orders History: [Object, Object, Object, Object, Object, Object, Object, Object] @ file:///Users/mickael/development/EmittersWebsite/tools/index6.html:1638
[ 2781567ms] [ERROR] Error initializing SciChart: TypeError: Cannot read properties of undefined (reading 'addEventListener')
    at file:///Users/mickael/development/EmittersWebsite/tools/index6.html:2073:14 @ file:///Users/mickael/development/EmittersWebsite/tools/index6.html:2267
[ 2781585ms] [LOG] Orders History: [Object, Object, Object, Object, Object, Object, Object, Object] @ file:///Users/mickael/development/EmittersWebsite/tools/index6.html:1638
[ 2784318ms] [ERROR] Failed to load resource: net::ERR_CONNECTION_REFUSED @ http://localhost:24278/license:0
[ 2789324ms] [ERROR] Failed to load resource: net::ERR_CONNECTION_REFUSED @ http://localhost:24278/license:0
[ 2794344ms] [ERROR] Failed to load resource: net::ERR_CONNECTION_REFUSED @ http://localhost:24278/license:0
[ 2799363ms] [ERROR] Failed to load resource: net::ERR_CONNECTION_REFUSED @ http://localhost:24278/license:0
[ 2804387ms] [ERROR] Failed to load resource: net::ERR_CONNECTION_REFUSED @ http://localhost:24278/license:0
[ 2809398ms] [ERROR] Failed to load resource: net::ERR_CONNECTION_REFUSED @ http://localhost:24278/license:0
[ 2814404ms] [ERROR] Failed to load resource: net::ERR_CONNECTION_REFUSED @ http://localhost:24278/license:0
[ 2814404ms] [LOG] Failed to connect to licensing wizard. Refresh page to retry. @ https://cdn.jsdelivr.net/npm/scichart@4.0.933/index.min.js:0
[ 2819494ms] [LOG] Orders History: [Object, Object, Object, Object, Object, Object, Object, Object] @ file:///Users/mickael/development/EmittersWebsite/tools/index6.html:1638
[ 2819504ms] [ERROR] Error initializing SciChart: TypeError: Cannot read properties of undefined (reading 'addEventListener')
    at file:///Users/mickael/development/EmittersWebsite/tools/index6.html:2073:14 @ file:///Users/mickael/development/EmittersWebsite/tools/index6.html:2267
[ 2819520ms] [LOG] Orders History: [Object, Object, Object, Object, Object, Object, Object, Object] @ file:///Users/mickael/development/EmittersWebsite/tools/index6.html:1638
[ 2831948ms] [LOG] Defaulting to SciChart Community Edition. Usage constitutes acceptance of our EULA and terms at https://www.scichart.com/community-licensing. See https://store.scichart.com for commercial licensing options. @ https://cdn.jsdelivr.net/npm/scichart@4.0.933/index.min.js:0
[ 2831948ms] [LOG] The community license is valid for 6 months from the date the version in use was released.  This version 4.0.933 has 74 days remaining @ https://cdn.jsdelivr.net/npm/scichart@4.0.933/index.min.js:0
[ 2831979ms] [ERROR] Failed to load resource: net::ERR_CONNECTION_REFUSED @ http://localhost:24278/license:0
[ 2836982ms] [ERROR] Failed to load resource: net::ERR_CONNECTION_REFUSED @ http://localhost:24278/license:0
[ 2839206ms] [WARNING] Data Distribution flag (BaseDataSeries.containsNaN = false) can be applied to improve performance. Read this website article https://www.scichart.com/documentation/js/current/DataSeries_Resampling.html for more info. To disable this warning set SciChartDefaults.performanceWarnings = false @ https://cdn.jsdelivr.net/npm/scichart@4.0.933/index.min.js:0
[ 2839223ms] [LOG] Orders History: [Object, Object, Object, Object, Object, Object, Object, Object] @ file:///Users/mickael/development/EmittersWebsite/tools/index6.html:1638
[ 2839237ms] [ERROR] Error initializing SciChart: TypeError: Cannot read properties of undefined (reading 'addEventListener')
    at file:///Users/mickael/development/EmittersWebsite/tools/index6.html:2073:14 @ file:///Users/mickael/development/EmittersWebsite/tools/index6.html:2267
[ 2839251ms] [LOG] Orders History: [Object, Object, Object, Object, Object, Object, Object, Object] @ file:///Users/mickael/development/EmittersWebsite/tools/index6.html:1638
[ 2841984ms] [ERROR] Failed to load resource: net::ERR_CONNECTION_REFUSED @ http://localhost:24278/license:0
[ 2846986ms] [ERROR] Failed to load resource: net::ERR_CONNECTION_REFUSED @ http://localhost:24278/license:0
[ 2851989ms] [ERROR] Failed to load resource: net::ERR_CONNECTION_REFUSED @ http://localhost:24278/license:0
[ 2856996ms] [ERROR] Failed to load resource: net::ERR_CONNECTION_REFUSED @ http://localhost:24278/license:0
[ 2862005ms] [ERROR] Failed to load resource: net::ERR_CONNECTION_REFUSED @ http://localhost:24278/license:0
[ 2867008ms] [ERROR] Failed to load resource: net::ERR_CONNECTION_REFUSED @ http://localhost:24278/license:0
[ 2872010ms] [ERROR] Failed to load resource: net::ERR_CONNECTION_REFUSED @ http://localhost:24278/license:0
[ 2877012ms] [ERROR] Failed to load resource: net::ERR_CONNECTION_REFUSED @ http://localhost:24278/license:0
[ 2877012ms] [LOG] Failed to connect to licensing wizard. Refresh page to retry. @ https://cdn.jsdelivr.net/npm/scichart@4.0.933/index.min.js:0
[ 3002643ms] [LOG] Defaulting to SciChart Community Edition. Usage constitutes acceptance of our EULA and terms at https://www.scichart.com/community-licensing. See https://store.scichart.com for commercial licensing options. @ https://cdn.jsdelivr.net/npm/scichart@4.0.933/index.min.js:0
[ 3002644ms] [LOG] The community license is valid for 6 months from the date the version in use was released.  This version 4.0.933 has 74 days remaining @ https://cdn.jsdelivr.net/npm/scichart@4.0.933/index.min.js:0
[ 3002674ms] [ERROR] Failed to load resource: net::ERR_CONNECTION_REFUSED @ http://localhost:24278/license:0
[ 3007679ms] [ERROR] Failed to load resource: net::ERR_CONNECTION_REFUSED @ http://localhost:24278/license:0
[ 3010622ms] [WARNING] Data Distribution flag (BaseDataSeries.containsNaN = false) can be applied to improve performance. Read this website article https://www.scichart.com/documentation/js/current/DataSeries_Resampling.html for more info. To disable this warning set SciChartDefaults.performanceWarnings = false @ https://cdn.jsdelivr.net/npm/scichart@4.0.933/index.min.js:0
[ 3013657ms] [LOG] Orders History: [Object, Object, Object, Object, Object, Object, Object, Object, Object, Object] @ file:///Users/mickael/development/EmittersWebsite/tools/index6.html:1639
[ 3016708ms] [LOG] Orders History: [Object, Object, Object, Object, Object, Object, Object, Object, Object, Object] @ file:///Users/mickael/development/EmittersWebsite/tools/index6.html:1639
[ 3016859ms] [ERROR] Failed to load resource: net::ERR_CONNECTION_REFUSED @ http://localhost:24278/license:0
[ 3021895ms] [ERROR] Failed to load resource: net::ERR_CONNECTION_REFUSED @ http://localhost:24278/license:0
[ 3026906ms] [ERROR] Failed to load resource: net::ERR_CONNECTION_REFUSED @ http://localhost:24278/license:0
[ 3031921ms] [ERROR] Failed to load resource: net::ERR_CONNECTION_REFUSED @ http://localhost:24278/license:0
[ 3036929ms] [ERROR] Failed to load resource: net::ERR_CONNECTION_REFUSED @ http://localhost:24278/license:0
[ 3041938ms] [ERROR] Failed to load resource: net::ERR_CONNECTION_REFUSED @ http://localhost:24278/license:0
[ 3046947ms] [ERROR] Failed to load resource: net::ERR_CONNECTION_REFUSED @ http://localhost:24278/license:0
[ 3051955ms] [ERROR] Failed to load resource: net::ERR_CONNECTION_REFUSED @ http://localhost:24278/license:0
[ 3051955ms] [LOG] Failed to connect to licensing wizard. Refresh page to retry. @ https://cdn.jsdelivr.net/npm/scichart@4.0.933/index.min.js:0
[ 3298941ms] Unexpected token ')'
[ 3305494ms] Uncaught ReferenceError: handleFileAndInitGraph is not defined
    at <anonymous> (file:///Users/mickael/development/EmittersWebsite/tools/index6.js:912:2)
[ 3445494ms] Identifier 'cachedFile' has already been declared
[ 3513505ms] Identifier 'handleFileAndInitGraph' has already been declared
[ 3515763ms] Identifier 'handleFileAndInitGraph' has already been declared
[ 3550720ms] [LOG] Defaulting to SciChart Community Edition. Usage constitutes acceptance of our EULA and terms at https://www.scichart.com/community-licensing. See https://store.scichart.com for commercial licensing options. @ https://cdn.jsdelivr.net/npm/scichart@4.0.933/index.min.js:0
[ 3550720ms] [LOG] The community license is valid for 6 months from the date the version in use was released.  This version 4.0.933 has 74 days remaining @ https://cdn.jsdelivr.net/npm/scichart@4.0.933/index.min.js:0
[ 3550766ms] [ERROR] Failed to load resource: net::ERR_CONNECTION_REFUSED @ http://localhost:24278/license:0
[ 3555771ms] [ERROR] Failed to load resource: net::ERR_CONNECTION_REFUSED @ http://localhost:24278/license:0
[ 3557031ms] [WARNING] Data Distribution flag (BaseDataSeries.containsNaN = false) can be applied to improve performance. Read this website article https://www.scichart.com/documentation/js/current/DataSeries_Resampling.html for more info. To disable this warning set SciChartDefaults.performanceWarnings = false @ https://cdn.jsdelivr.net/npm/scichart@4.0.933/index.min.js:0
[ 3557031ms] [WARNING] Data Distribution flag (BaseDataSeries.isSorted = true) can be applied to improve performance. Read this website article https://www.scichart.com/documentation/js/current/DataSeries_Resampling.html for more info. To disable this warning set SciChartDefaults.performanceWarnings = false @ https://cdn.jsdelivr.net/npm/scichart@4.0.933/index.min.js:0
[ 3559177ms] [ERROR] Cannot draw annotations before axes have been configured. Add axes first, or use suspendUpdates to pause drawing until axes are available. @ https://cdn.jsdelivr.net/npm/scichart@4.0.933/index.min.js:0
[ 3559297ms] [ERROR] Cannot draw annotations before axes have been configured. Add axes first, or use suspendUpdates to pause drawing until axes are available. @ https://cdn.jsdelivr.net/npm/scichart@4.0.933/index.min.js:0
[ 3559298ms] [ERROR] Cannot draw annotations before axes have been configured. Add axes first, or use suspendUpdates to pause drawing until axes are available. @ https://cdn.jsdelivr.net/npm/scichart@4.0.933/index.min.js:0
[ 3559323ms] [ERROR] Cannot draw annotations before axes have been configured. Add axes first, or use suspendUpdates to pause drawing until axes are available. @ https://cdn.jsdelivr.net/npm/scichart@4.0.933/index.min.js:0
[ 3559324ms] [ERROR] Cannot draw annotations before axes have been configured. Add axes first, or use suspendUpdates to pause drawing until axes are available. @ https://cdn.jsdelivr.net/npm/scichart@4.0.933/index.min.js:0
[ 3559324ms] [ERROR] Cannot draw annotations before axes have been configured. Add axes first, or use suspendUpdates to pause drawing until axes are available. @ https://cdn.jsdelivr.net/npm/scichart@4.0.933/index.min.js:0
[ 3559324ms] [ERROR] Cannot draw annotations before axes have been configured. Add axes first, or use suspendUpdates to pause drawing until axes are available. @ https://cdn.jsdelivr.net/npm/scichart@4.0.933/index.min.js:0
[ 3560797ms] [ERROR] Failed to load resource: net::ERR_CONNECTION_REFUSED @ http://localhost:24278/license:0
[ 3564411ms] TypeError: Cannot read properties of undefined (reading 'getCurrentCoordinateCalculator')
    at HTMLCanvasElement.<anonymous> (file:///Users/mickael/development/EmittersWebsite/tools/index6.html:2069:64)
[ 3564411ms] TypeError: Cannot read properties of undefined (reading 'getCurrentCoordinateCalculator')
    at HTMLCanvasElement.<anonymous> (file:///Users/mickael/development/EmittersWebsite/tools/index6.html:2069:64)
[ 3564544ms] TypeError: Cannot read properties of undefined (reading 'getCurrentCoordinateCalculator')
    at HTMLCanvasElement.<anonymous> (file:///Users/mickael/development/EmittersWebsite/tools/index6.html:2069:64)
[ 3564545ms] TypeError: Cannot read properties of undefined (reading 'getCurrentCoordinateCalculator')
    at HTMLCanvasElement.<anonymous> (file:///Users/mickael/development/EmittersWebsite/tools/index6.html:2069:64)
[ 3565344ms] [ERROR] Cannot draw annotations before axes have been configured. Add axes first, or use suspendUpdates to pause drawing until axes are available. @ https://cdn.jsdelivr.net/npm/scichart@4.0.933/index.min.js:0
[ 3565344ms] [ERROR] Cannot draw annotations before axes have been configured. Add axes first, or use suspendUpdates to pause drawing until axes are available. @ https://cdn.jsdelivr.net/npm/scichart@4.0.933/index.min.js:0
[ 3565344ms] [ERROR] Cannot draw annotations before axes have been configured. Add axes first, or use suspendUpdates to pause drawing until axes are available. @ https://cdn.jsdelivr.net/npm/scichart@4.0.933/index.min.js:0
[ 3565345ms] [ERROR] Cannot draw annotations before axes have been configured. Add axes first, or use suspendUpdates to pause drawing until axes are available. @ https://cdn.jsdelivr.net/npm/scichart@4.0.933/index.min.js:0
[ 3565345ms] [ERROR] Cannot draw annotations before axes have been configured. Add axes first, or use suspendUpdates to pause drawing until axes are available. @ https://cdn.jsdelivr.net/npm/scichart@4.0.933/index.min.js:0
[ 3565506ms] [ERROR] Cannot draw annotations before axes have been configured. Add axes first, or use suspendUpdates to pause drawing until axes are available. @ https://cdn.jsdelivr.net/npm/scichart@4.0.933/index.min.js:0
[ 3565506ms] [ERROR] Cannot draw annotations before axes have been configured. Add axes first, or use suspendUpdates to pause drawing until axes are available. @ https://cdn.jsdelivr.net/npm/scichart@4.0.933/index.min.js:0
[ 3565507ms] [ERROR] Cannot draw annotations before axes have been configured. Add axes first, or use suspendUpdates to pause drawing until axes are available. @ https://cdn.jsdelivr.net/npm/scichart@4.0.933/index.min.js:0
[ 3565507ms] [ERROR] Cannot draw annotations before axes have been configured. Add axes first, or use suspendUpdates to pause drawing until axes are available. @ https://cdn.jsdelivr.net/npm/scichart@4.0.933/index.min.js:0
[ 3565507ms] [ERROR] Cannot draw annotations before axes have been configured. Add axes first, or use suspendUpdates to pause drawing until axes are available. @ https://cdn.jsdelivr.net/npm/scichart@4.0.933/index.min.js:0
[ 3565507ms] [ERROR] Cannot draw annotations before axes have been configured. Add axes first, or use suspendUpdates to pause drawing until axes are available. @ https://cdn.jsdelivr.net/npm/scichart@4.0.933/index.min.js:0
[ 3565535ms] [ERROR] Cannot draw annotations before axes have been configured. Add axes first, or use suspendUpdates to pause drawing until axes are available. @ https://cdn.jsdelivr.net/npm/scichart@4.0.933/index.min.js:0
[ 3565535ms] [ERROR] Cannot draw annotations before axes have been configured. Add axes first, or use suspendUpdates to pause drawing until axes are available. @ https://cdn.jsdelivr.net/npm/scichart@4.0.933/index.min.js:0
[ 3565535ms] [ERROR] Cannot draw annotations before axes have been configured. Add axes first, or use suspendUpdates to pause drawing until axes are available. @ https://cdn.jsdelivr.net/npm/scichart@4.0.933/index.min.js:0
[ 3565536ms] [ERROR] Cannot draw annotations before axes have been configured. Add axes first, or use suspendUpdates to pause drawing until axes are available. @ https://cdn.jsdelivr.net/npm/scichart@4.0.933/index.min.js:0
[ 3565536ms] [ERROR] Cannot draw annotations before axes have been configured. Add axes first, or use suspendUpdates to pause drawing until axes are available. @ https://cdn.jsdelivr.net/npm/scichart@4.0.933/index.min.js:0
[ 3565536ms] [ERROR] Cannot draw annotations before axes have been configured. Add axes first, or use suspendUpdates to pause drawing until axes are available. @ https://cdn.jsdelivr.net/npm/scichart@4.0.933/index.min.js:0
[ 3565536ms] [ERROR] Cannot draw annotations before axes have been configured. Add axes first, or use suspendUpdates to pause drawing until axes are available. @ https://cdn.jsdelivr.net/npm/scichart@4.0.933/index.min.js:0
[ 3565536ms] [ERROR] Cannot draw annotations before axes have been configured. Add axes first, or use suspendUpdates to pause drawing until axes are available. @ https://cdn.jsdelivr.net/npm/scichart@4.0.933/index.min.js:0
[ 3565664ms] TypeError: Cannot read properties of undefined (reading 'getCurrentCoordinateCalculator')
    at HTMLCanvasElement.<anonymous> (file:///Users/mickael/development/EmittersWebsite/tools/index6.html:2069:64)
[ 3565668ms] TypeError: Cannot read properties of undefined (reading 'getCurrentCoordinateCalculator')
    at HTMLCanvasElement.<anonymous> (file:///Users/mickael/development/EmittersWebsite/tools/index6.html:2069:64)
[ 3565837ms] TypeError: Cannot read properties of undefined (reading 'getCurrentCoordinateCalculator')
    at HTMLCanvasElement.<anonymous> (file:///Users/mickael/development/EmittersWebsite/tools/index6.html:2069:64)
[ 3565837ms] TypeError: Cannot read properties of undefined (reading 'getCurrentCoordinateCalculator')
    at HTMLCanvasElement.<anonymous> (file:///Users/mickael/development/EmittersWebsite/tools/index6.html:2069:64)
[ 3565846ms] [ERROR] Failed to load resource: net::ERR_CONNECTION_REFUSED @ http://localhost:24278/license:0
[ 3570871ms] [ERROR] Failed to load resource: net::ERR_CONNECTION_REFUSED @ http://localhost:24278/license:0
[ 3571358ms] [ERROR] Cannot draw annotations before axes have been configured. Add axes first, or use suspendUpdates to pause drawing until axes are available. @ https://cdn.jsdelivr.net/npm/scichart@4.0.933/index.min.js:0
[ 3571358ms] [ERROR] Cannot draw annotations before axes have been configured. Add axes first, or use suspendUpdates to pause drawing until axes are available. @ https://cdn.jsdelivr.net/npm/scichart@4.0.933/index.min.js:0
[ 3571359ms] [ERROR] Cannot draw annotations before axes have been configured. Add axes first, or use suspendUpdates to pause drawing until axes are available. @ https://cdn.jsdelivr.net/npm/scichart@4.0.933/index.min.js:0
[ 3571359ms] [ERROR] Cannot draw annotations before axes have been configured. Add axes first, or use suspendUpdates to pause drawing until axes are available. @ https://cdn.jsdelivr.net/npm/scichart@4.0.933/index.min.js:0
[ 3571363ms] [ERROR] Cannot draw annotations before axes have been configured. Add axes first, or use suspendUpdates to pause drawing until axes are available. @ https://cdn.jsdelivr.net/npm/scichart@4.0.933/index.min.js:0
[ 3571363ms] [ERROR] Cannot draw annotations before axes have been configured. Add axes first, or use suspendUpdates to pause drawing until axes are available. @ https://cdn.jsdelivr.net/npm/scichart@4.0.933/index.min.js:0
[ 3571363ms] [ERROR] Cannot draw annotations before axes have been configured. Add axes first, or use suspendUpdates to pause drawing until axes are available. @ https://cdn.jsdelivr.net/npm/scichart@4.0.933/index.min.js:0
[ 3571363ms] [ERROR] Cannot draw annotations before axes have been configured. Add axes first, or use suspendUpdates to pause drawing until axes are available. @ https://cdn.jsdelivr.net/npm/scichart@4.0.933/index.min.js:0
[ 3571364ms] [ERROR] Cannot draw annotations before axes have been configured. Add axes first, or use suspendUpdates to pause drawing until axes are available. @ https://cdn.jsdelivr.net/npm/scichart@4.0.933/index.min.js:0
[ 3571492ms] [ERROR] Cannot draw annotations before axes have been configured. Add axes first, or use suspendUpdates to pause drawing until axes are available. @ https://cdn.jsdelivr.net/npm/scichart@4.0.933/index.min.js:0
[ 3571492ms] [ERROR] Cannot draw annotations before axes have been configured. Add axes first, or use suspendUpdates to pause drawing until axes are available. @ https://cdn.jsdelivr.net/npm/scichart@4.0.933/index.min.js:0
[ 3571493ms] [ERROR] Cannot draw annotations before axes have been configured. Add axes first, or use suspendUpdates to pause drawing until axes are available. @ https://cdn.jsdelivr.net/npm/scichart@4.0.933/index.min.js:0
[ 3571493ms] [ERROR] Cannot draw annotations before axes have been configured. Add axes first, or use suspendUpdates to pause drawing until axes are available. @ https://cdn.jsdelivr.net/npm/scichart@4.0.933/index.min.js:0
[ 3571493ms] [ERROR] Cannot draw annotations before axes have been configured. Add axes first, or use suspendUpdates to pause drawing until axes are available. @ https://cdn.jsdelivr.net/npm/scichart@4.0.933/index.min.js:0
[ 3571493ms] [ERROR] Cannot draw annotations before axes have been configured. Add axes first, or use suspendUpdates to pause drawing until axes are available. @ https://cdn.jsdelivr.net/npm/scichart@4.0.933/index.min.js:0
[ 3571494ms] [ERROR] Cannot draw annotations before axes have been configured. Add axes first, or use suspendUpdates to pause drawing until axes are available. @ https://cdn.jsdelivr.net/npm/scichart@4.0.933/index.min.js:0
[ 3571494ms] [ERROR] Cannot draw annotations before axes have been configured. Add axes first, or use suspendUpdates to pause drawing until axes are available. @ https://cdn.jsdelivr.net/npm/scichart@4.0.933/index.min.js:0
[ 3571494ms] [ERROR] Cannot draw annotations before axes have been configured. Add axes first, or use suspendUpdates to pause drawing until axes are available. @ https://cdn.jsdelivr.net/npm/scichart@4.0.933/index.min.js:0
[ 3571494ms] [ERROR] Cannot draw annotations before axes have been configured. Add axes first, or use suspendUpdates to pause drawing until axes are available. @ https://cdn.jsdelivr.net/npm/scichart@4.0.933/index.min.js:0
[ 3571522ms] [ERROR] Cannot draw annotations before axes have been configured. Add axes first, or use suspendUpdates to pause drawing until axes are available. @ https://cdn.jsdelivr.net/npm/scichart@4.0.933/index.min.js:0
[ 3571522ms] [ERROR] Cannot draw annotations before axes have been configured. Add axes first, or use suspendUpdates to pause drawing until axes are available. @ https://cdn.jsdelivr.net/npm/scichart@4.0.933/index.min.js:0
[ 3571522ms] [ERROR] Cannot draw annotations before axes have been configured. Add axes first, or use suspendUpdates to pause drawing until axes are available. @ https://cdn.jsdelivr.net/npm/scichart@4.0.933/index.min.js:0
[ 3571522ms] [ERROR] Cannot draw annotations before axes have been configured. Add axes first, or use suspendUpdates to pause drawing until axes are available. @ https://cdn.jsdelivr.net/npm/scichart@4.0.933/index.min.js:0
[ 3571522ms] [ERROR] Cannot draw annotations before axes have been configured. Add axes first, or use suspendUpdates to pause drawing until axes are available. @ https://cdn.jsdelivr.net/npm/scichart@4.0.933/index.min.js:0
[ 3571523ms] [ERROR] Cannot draw annotations before axes have been configured. Add axes first, or use suspendUpdates to pause drawing until axes are available. @ https://cdn.jsdelivr.net/npm/scichart@4.0.933/index.min.js:0
[ 3571523ms] [ERROR] Cannot draw annotations before axes have been configured. Add axes first, or use suspendUpdates to pause drawing until axes are available. @ https://cdn.jsdelivr.net/npm/scichart@4.0.933/index.min.js:0
[ 3571523ms] [ERROR] Cannot draw annotations before axes have been configured. Add axes first, or use suspendUpdates to pause drawing until axes are available. @ https://cdn.jsdelivr.net/npm/scichart@4.0.933/index.min.js:0
[ 3571523ms] [ERROR] Cannot draw annotations before axes have been configured. Add axes first, or use suspendUpdates to pause drawing until axes are available. @ https://cdn.jsdelivr.net/npm/scichart@4.0.933/index.min.js:0
[ 3571524ms] [ERROR] Cannot draw annotations before axes have been configured. Add axes first, or use suspendUpdates to pause drawing until axes are available. @ https://cdn.jsdelivr.net/npm/scichart@4.0.933/index.min.js:0
[ 3571524ms] [ERROR] Cannot draw annotations before axes have been configured. Add axes first, or use suspendUpdates to pause drawing until axes are available. @ https://cdn.jsdelivr.net/npm/scichart@4.0.933/index.min.js:0
[ 3571524ms] [ERROR] Cannot draw annotations before axes have been configured. Add axes first, or use suspendUpdates to pause drawing until axes are available. @ https://cdn.jsdelivr.net/npm/scichart@4.0.933/index.min.js:0
[ 3575900ms] [ERROR] Failed to load resource: net::ERR_CONNECTION_REFUSED @ http://localhost:24278/license:0
[ 3577495ms] [ERROR] Cannot draw annotations before axes have been configured. Add axes first, or use suspendUpdates to pause drawing until axes are available. @ https://cdn.jsdelivr.net/npm/scichart@4.0.933/index.min.js:0
[ 3577495ms] [ERROR] Cannot draw annotations before axes have been configured. Add axes first, or use suspendUpdates to pause drawing until axes are available. @ https://cdn.jsdelivr.net/npm/scichart@4.0.933/index.min.js:0
[ 3577496ms] [ERROR] Cannot draw annotations before axes have been configured. Add axes first, or use suspendUpdates to pause drawing until axes are available. @ https://cdn.jsdelivr.net/npm/scichart@4.0.933/index.min.js:0
[ 3577496ms] [ERROR] Cannot draw annotations before axes have been configured. Add axes first, or use suspendUpdates to pause drawing until axes are available. @ https://cdn.jsdelivr.net/npm/scichart@4.0.933/index.min.js:0
[ 3577496ms] [ERROR] Cannot draw annotations before axes have been configured. Add axes first, or use suspendUpdates to pause drawing until axes are available. @ https://cdn.jsdelivr.net/npm/scichart@4.0.933/index.min.js:0
[ 3577496ms] [ERROR] Cannot draw annotations before axes have been configured. Add axes first, or use suspendUpdates to pause drawing until axes are available. @ https://cdn.jsdelivr.net/npm/scichart@4.0.933/index.min.js:0
[ 3577497ms] [ERROR] Cannot draw annotations before axes have been configured. Add axes first, or use suspendUpdates to pause drawing until axes are available. @ https://cdn.jsdelivr.net/npm/scichart@4.0.933/index.min.js:0
[ 3577497ms] [ERROR] Cannot draw annotations before axes have been configured. Add axes first, or use suspendUpdates to pause drawing until axes are available. @ https://cdn.jsdelivr.net/npm/scichart@4.0.933/index.min.js:0
[ 3577497ms] [ERROR] Cannot draw annotations before axes have been configured. Add axes first, or use suspendUpdates to pause drawing until axes are available. @ https://cdn.jsdelivr.net/npm/scichart@4.0.933/index.min.js:0
[ 3577497ms] [ERROR] Cannot draw annotations before axes have been configured. Add axes first, or use suspendUpdates to pause drawing until axes are available. @ https://cdn.jsdelivr.net/npm/scichart@4.0.933/index.min.js:0
[ 3577497ms] [ERROR] Cannot draw annotations before axes have been configured. Add axes first, or use suspendUpdates to pause drawing until axes are available. @ https://cdn.jsdelivr.net/npm/scichart@4.0.933/index.min.js:0
[ 3577498ms] [ERROR] Cannot draw annotations before axes have been configured. Add axes first, or use suspendUpdates to pause drawing until axes are available. @ https://cdn.jsdelivr.net/npm/scichart@4.0.933/index.min.js:0
[ 3577498ms] [ERROR] Cannot draw annotations before axes have been configured. Add axes first, or use suspendUpdates to pause drawing until axes are available. @ https://cdn.jsdelivr.net/npm/scichart@4.0.933/index.min.js:0
[ 3577609ms] [ERROR] Cannot draw annotations before axes have been configured. Add axes first, or use suspendUpdates to pause drawing until axes are available. @ https://cdn.jsdelivr.net/npm/scichart@4.0.933/index.min.js:0
[ 3577609ms] [ERROR] Cannot draw annotations before axes have been configured. Add axes first, or use suspendUpdates to pause drawing until axes are available. @ https://cdn.jsdelivr.net/npm/scichart@4.0.933/index.min.js:0
[ 3577610ms] [ERROR] Cannot draw annotations before axes have been configured. Add axes first, or use suspendUpdates to pause drawing until axes are available. @ https://cdn.jsdelivr.net/npm/scichart@4.0.933/index.min.js:0
[ 3577610ms] [ERROR] Cannot draw annotations before axes have been configured. Add axes first, or use suspendUpdates to pause drawing until axes are available. @ https://cdn.jsdelivr.net/npm/scichart@4.0.933/index.min.js:0
[ 3577610ms] [ERROR] Cannot draw annotations before axes have been configured. Add axes first, or use suspendUpdates to pause drawing until axes are available. @ https://cdn.jsdelivr.net/npm/scichart@4.0.933/index.min.js:0
[ 3577610ms] [ERROR] Cannot draw annotations before axes have been configured. Add axes first, or use suspendUpdates to pause drawing until axes are available. @ https://cdn.jsdelivr.net/npm/scichart@4.0.933/index.min.js:0
[ 3577610ms] [ERROR] Cannot draw annotations before axes have been configured. Add axes first, or use suspendUpdates to pause drawing until axes are available. @ https://cdn.jsdelivr.net/npm/scichart@4.0.933/index.min.js:0
[ 3577611ms] [ERROR] Cannot draw annotations before axes have been configured. Add axes first, or use suspendUpdates to pause drawing until axes are available. @ https://cdn.jsdelivr.net/npm/scichart@4.0.933/index.min.js:0
[ 3577611ms] [ERROR] Cannot draw annotations before axes have been configured. Add axes first, or use suspendUpdates to pause drawing until axes are available. @ https://cdn.jsdelivr.net/npm/scichart@4.0.933/index.min.js:0
[ 3577611ms] [ERROR] Cannot draw annotations before axes have been configured. Add axes first, or use suspendUpdates to pause drawing until axes are available. @ https://cdn.jsdelivr.net/npm/scichart@4.0.933/index.min.js:0
[ 3577611ms] [ERROR] Cannot draw annotations before axes have been configured. Add axes first, or use suspendUpdates to pause drawing until axes are available. @ https://cdn.jsdelivr.net/npm/scichart@4.0.933/index.min.js:0
[ 3577611ms] [ERROR] Cannot draw annotations before axes have been configured. Add axes first, or use suspendUpdates to pause drawing until axes are available. @ https://cdn.jsdelivr.net/npm/scichart@4.0.933/index.min.js:0
[ 3577612ms] [ERROR] Cannot draw annotations before axes have been configured. Add axes first, or use suspendUpdates to pause drawing until axes are available. @ https://cdn.jsdelivr.net/npm/scichart@4.0.933/index.min.js:0
[ 3577612ms] [ERROR] Cannot draw annotations before axes have been configured. Add axes first, or use suspendUpdates to pause drawing until axes are available. @ https://cdn.jsdelivr.net/npm/scichart@4.0.933/index.min.js:0
[ 3577636ms] [ERROR] Cannot draw annotations before axes have been configured. Add axes first, or use suspendUpdates to pause drawing until axes are available. @ https://cdn.jsdelivr.net/npm/scichart@4.0.933/index.min.js:0
[ 3577636ms] [ERROR] Cannot draw annotations before axes have been configured. Add axes first, or use suspendUpdates to pause drawing until axes are available. @ https://cdn.jsdelivr.net/npm/scichart@4.0.933/index.min.js:0
[ 3577636ms] [ERROR] Cannot draw annotations before axes have been configured. Add axes first, or use suspendUpdates to pause drawing until axes are available. @ https://cdn.jsdelivr.net/npm/scichart@4.0.933/index.min.js:0
[ 3577636ms] [ERROR] Cannot draw annotations before axes have been configured. Add axes first, or use suspendUpdates to pause drawing until axes are available. @ https://cdn.jsdelivr.net/npm/scichart@4.0.933/index.min.js:0
[ 3577637ms] [ERROR] Cannot draw annotations before axes have been configured. Add axes first, or use suspendUpdates to pause drawing until axes are available. @ https://cdn.jsdelivr.net/npm/scichart@4.0.933/index.min.js:0
[ 3577637ms] [ERROR] Cannot draw annotations before axes have been configured. Add axes first, or use suspendUpdates to pause drawing until axes are available. @ https://cdn.jsdelivr.net/npm/scichart@4.0.933/index.min.js:0
[ 3577637ms] [ERROR] Cannot draw annotations before axes have been configured. Add axes first, or use suspendUpdates to pause drawing until axes are available. @ https://cdn.jsdelivr.net/npm/scichart@4.0.933/index.min.js:0
[ 3577637ms] [ERROR] Cannot draw annotations before axes have been configured. Add axes first, or use suspendUpdates to pause drawing until axes are available. @ https://cdn.jsdelivr.net/npm/scichart@4.0.933/index.min.js:0
[ 3577637ms] [ERROR] Cannot draw annotations before axes have been configured. Add axes first, or use suspendUpdates to pause drawing until axes are available. @ https://cdn.jsdelivr.net/npm/scichart@4.0.933/index.min.js:0
[ 3577638ms] [ERROR] Cannot draw annotations before axes have been configured. Add axes first, or use suspendUpdates to pause drawing until axes are available. @ https://cdn.jsdelivr.net/npm/scichart@4.0.933/index.min.js:0
[ 3577638ms] [ERROR] Cannot draw annotations before axes have been configured. Add axes first, or use suspendUpdates to pause drawing until axes are available. @ https://cdn.jsdelivr.net/npm/scichart@4.0.933/index.min.js:0
[ 3577638ms] [ERROR] Cannot draw annotations before axes have been configured. Add axes first, or use suspendUpdates to pause drawing until axes are available. @ https://cdn.jsdelivr.net/npm/scichart@4.0.933/index.min.js:0
[ 3577638ms] [ERROR] Cannot draw annotations before axes have been configured. Add axes first, or use suspendUpdates to pause drawing until axes are available. @ https://cdn.jsdelivr.net/npm/scichart@4.0.933/index.min.js:0
[ 3577638ms] [ERROR] Cannot draw annotations before axes have been configured. Add axes first, or use suspendUpdates to pause drawing until axes are available. @ https://cdn.jsdelivr.net/npm/scichart@4.0.933/index.min.js:0
[ 3577639ms] [ERROR] Cannot draw annotations before axes have been configured. Add axes first, or use suspendUpdates to pause drawing until axes are available. @ https://cdn.jsdelivr.net/npm/scichart@4.0.933/index.min.js:0
[ 3577639ms] [ERROR] Cannot draw annotations before axes have been configured. Add axes first, or use suspendUpdates to pause drawing until axes are available. @ https://cdn.jsdelivr.net/npm/scichart@4.0.933/index.min.js:0
[ 3580924ms] [ERROR] Failed to load resource: net::ERR_CONNECTION_REFUSED @ http://localhost:24278/license:0
[ 3583753ms] [ERROR] Cannot draw annotations before axes have been configured. Add axes first, or use suspendUpdates to pause drawing until axes are available. @ https://cdn.jsdelivr.net/npm/scichart@4.0.933/index.min.js:0
[ 3583754ms] [ERROR] Cannot draw annotations before axes have been configured. Add axes first, or use suspendUpdates to pause drawing until axes are available. @ https://cdn.jsdelivr.net/npm/scichart@4.0.933/index.min.js:0
[ 3583754ms] [ERROR] Cannot draw annotations before axes have been configured. Add axes first, or use suspendUpdates to pause drawing until axes are available. @ https://cdn.jsdelivr.net/npm/scichart@4.0.933/index.min.js:0
[ 3583754ms] [ERROR] Cannot draw annotations before axes have been configured. Add axes first, or use suspendUpdates to pause drawing until axes are available. @ https://cdn.jsdelivr.net/npm/scichart@4.0.933/index.min.js:0
[ 3583754ms] [ERROR] Cannot draw annotations before axes have been configured. Add axes first, or use suspendUpdates to pause drawing until axes are available. @ https://cdn.jsdelivr.net/npm/scichart@4.0.933/index.min.js:0
[ 3583754ms] [ERROR] Cannot draw annotations before axes have been configured. Add axes first, or use suspendUpdates to pause drawing until axes are available. @ https://cdn.jsdelivr.net/npm/scichart@4.0.933/index.min.js:0
[ 3583755ms] [ERROR] Cannot draw annotations before axes have been configured. Add axes first, or use suspendUpdates to pause drawing until axes are available. @ https://cdn.jsdelivr.net/npm/scichart@4.0.933/index.min.js:0
[ 3583755ms] [ERROR] Cannot draw annotations before axes have been configured. Add axes first, or use suspendUpdates to pause drawing until axes are available. @ https://cdn.jsdelivr.net/npm/scichart@4.0.933/index.min.js:0
[ 3583755ms] [ERROR] Cannot draw annotations before axes have been configured. Add axes first, or use suspendUpdates to pause drawing until axes are available. @ https://cdn.jsdelivr.net/npm/scichart@4.0.933/index.min.js:0
[ 3583756ms] [ERROR] Cannot draw annotations before axes have been configured. Add axes first, or use suspendUpdates to pause drawing until axes are available. @ https://cdn.jsdelivr.net/npm/scichart@4.0.933/index.min.js:0
[ 3583756ms] [ERROR] Cannot draw annotations before axes have been configured. Add axes first, or use suspendUpdates to pause drawing until axes are available. @ https://cdn.jsdelivr.net/npm/scichart@4.0.933/index.min.js:0
[ 3583756ms] [ERROR] Cannot draw annotations before axes have been configured. Add axes first, or use suspendUpdates to pause drawing until axes are available. @ https://cdn.jsdelivr.net/npm/scichart@4.0.933/index.min.js:0
[ 3583756ms] [ERROR] Cannot draw annotations before axes have been configured. Add axes first, or use suspendUpdates to pause drawing until axes are available. @ https://cdn.jsdelivr.net/npm/scichart@4.0.933/index.min.js:0
[ 3583756ms] [ERROR] Cannot draw annotations before axes have been configured. Add axes first, or use suspendUpdates to pause drawing until axes are available. @ https://cdn.jsdelivr.net/npm/scichart@4.0.933/index.min.js:0
[ 3583757ms] [ERROR] Cannot draw annotations before axes have been configured. Add axes first, or use suspendUpdates to pause drawing until axes are available. @ https://cdn.jsdelivr.net/npm/scichart@4.0.933/index.min.js:0
[ 3583758ms] [ERROR] Cannot draw annotations before axes have been configured. Add axes first, or use suspendUpdates to pause drawing until axes are available. @ https://cdn.jsdelivr.net/npm/scichart@4.0.933/index.min.js:0
[ 3583758ms] [ERROR] Cannot draw annotations before axes have been configured. Add axes first, or use suspendUpdates to pause drawing until axes are available. @ https://cdn.jsdelivr.net/npm/scichart@4.0.933/index.min.js:0
[ 3584031ms] [ERROR] Cannot draw annotations before axes have been configured. Add axes first, or use suspendUpdates to pause drawing until axes are available. @ https://cdn.jsdelivr.net/npm/scichart@4.0.933/index.min.js:0
[ 3584031ms] [ERROR] Cannot draw annotations before axes have been configured. Add axes first, or use suspendUpdates to pause drawing until axes are available. @ https://cdn.jsdelivr.net/npm/scichart@4.0.933/index.min.js:0
[ 3584031ms] [ERROR] Cannot draw annotations before axes have been configured. Add axes first, or use suspendUpdates to pause drawing until axes are available. @ https://cdn.jsdelivr.net/npm/scichart@4.0.933/index.min.js:0
[ 3584031ms] [ERROR] Cannot draw annotations before axes have been configured. Add axes first, or use suspendUpdates to pause drawing until axes are available. @ https://cdn.jsdelivr.net/npm/scichart@4.0.933/index.min.js:0
[ 3584032ms] [ERROR] Cannot draw annotations before axes have been configured. Add axes first, or use suspendUpdates to pause drawing until axes are available. @ https://cdn.jsdelivr.net/npm/scichart@4.0.933/index.min.js:0
[ 3584032ms] [ERROR] Cannot draw annotations before axes have been configured. Add axes first, or use suspendUpdates to pause drawing until axes are available. @ https://cdn.jsdelivr.net/npm/scichart@4.0.933/index.min.js:0
[ 3584032ms] [ERROR] Cannot draw annotations before axes have been configured. Add axes first, or use suspendUpdates to pause drawing until axes are available. @ https://cdn.jsdelivr.net/npm/scichart@4.0.933/index.min.js:0
[ 3584032ms] [ERROR] Cannot draw annotations before axes have been configured. Add axes first, or use suspendUpdates to pause drawing until axes are available. @ https://cdn.jsdelivr.net/npm/scichart@4.0.933/index.min.js:0
[ 3584033ms] [ERROR] Cannot draw annotations before axes have been configured. Add axes first, or use suspendUpdates to pause drawing until axes are available. @ https://cdn.jsdelivr.net/npm/scichart@4.0.933/index.min.js:0
[ 3584033ms] [ERROR] Cannot draw annotations before axes have been configured. Add axes first, or use suspendUpdates to pause drawing until axes are available. @ https://cdn.jsdelivr.net/npm/scichart@4.0.933/index.min.js:0
[ 3584033ms] [ERROR] Cannot draw annotations before axes have been configured. Add axes first, or use suspendUpdates to pause drawing until axes are available. @ https://cdn.jsdelivr.net/npm/scichart@4.0.933/index.min.js:0
[ 3584033ms] [ERROR] Cannot draw annotations before axes have been configured. Add axes first, or use suspendUpdates to pause drawing until axes are available. @ https://cdn.jsdelivr.net/npm/scichart@4.0.933/index.min.js:0
[ 3584034ms] [ERROR] Cannot draw annotations before axes have been configured. Add axes first, or use suspendUpdates to pause drawing until axes are available. @ https://cdn.jsdelivr.net/npm/scichart@4.0.933/index.min.js:0
[ 3584034ms] [ERROR] Cannot draw annotations before axes have been configured. Add axes first, or use suspendUpdates to pause drawing until axes are available. @ https://cdn.jsdelivr.net/npm/scichart@4.0.933/index.min.js:0
[ 3584035ms] [ERROR] Cannot draw annotations before axes have been configured. Add axes first, or use suspendUpdates to pause drawing until axes are available. @ https://cdn.jsdelivr.net/npm/scichart@4.0.933/index.min.js:0
[ 3584035ms] [ERROR] Cannot draw annotations before axes have been configured. Add axes first, or use suspendUpdates to pause drawing until axes are available. @ https://cdn.jsdelivr.net/npm/scichart@4.0.933/index.min.js:0
[ 3584035ms] [ERROR] Cannot draw annotations before axes have been configured. Add axes first, or use suspendUpdates to pause drawing until axes are available. @ https://cdn.jsdelivr.net/npm/scichart@4.0.933/index.min.js:0
[ 3584035ms] [ERROR] Cannot draw annotations before axes have been configured. Add axes first, or use suspendUpdates to pause drawing until axes are available. @ https://cdn.jsdelivr.net/npm/scichart@4.0.933/index.min.js:0
[ 3584060ms] [ERROR] Cannot draw annotations before axes have been configured. Add axes first, or use suspendUpdates to pause drawing until axes are available. @ https://cdn.jsdelivr.net/npm/scichart@4.0.933/index.min.js:0
[ 3584060ms] [ERROR] Cannot draw annotations before axes have been configured. Add axes first, or use suspendUpdates to pause drawing until axes are available. @ https://cdn.jsdelivr.net/npm/scichart@4.0.933/index.min.js:0
[ 3584060ms] [ERROR] Cannot draw annotations before axes have been configured. Add axes first, or use suspendUpdates to pause drawing until axes are available. @ https://cdn.jsdelivr.net/npm/scichart@4.0.933/index.min.js:0
[ 3584060ms] [ERROR] Cannot draw annotations before axes have been configured. Add axes first, or use suspendUpdates to pause drawing until axes are available. @ https://cdn.jsdelivr.net/npm/scichart@4.0.933/index.min.js:0
[ 3584061ms] [ERROR] Cannot draw annotations before axes have been configured. Add axes first, or use suspendUpdates to pause drawing until axes are available. @ https://cdn.jsdelivr.net/npm/scichart@4.0.933/index.min.js:0
[ 3584061ms] [ERROR] Cannot draw annotations before axes have been configured. Add axes first, or use suspendUpdates to pause drawing until axes are available. @ https://cdn.jsdelivr.net/npm/scichart@4.0.933/index.min.js:0
[ 3584061ms] [ERROR] Cannot draw annotations before axes have been configured. Add axes first, or use suspendUpdates to pause drawing until axes are available. @ https://cdn.jsdelivr.net/npm/scichart@4.0.933/index.min.js:0
[ 3584061ms] [ERROR] Cannot draw annotations before axes have been configured. Add axes first, or use suspendUpdates to pause drawing until axes are available. @ https://cdn.jsdelivr.net/npm/scichart@4.0.933/index.min.js:0
[ 3584061ms] [ERROR] Cannot draw annotations before axes have been configured. Add axes first, or use suspendUpdates to pause drawing until axes are available. @ https://cdn.jsdelivr.net/npm/scichart@4.0.933/index.min.js:0
[ 3584062ms] [ERROR] Cannot draw annotations before axes have been configured. Add axes first, or use suspendUpdates to pause drawing until axes are available. @ https://cdn.jsdelivr.net/npm/scichart@4.0.933/index.min.js:0
[ 3584062ms] [ERROR] Cannot draw annotations before axes have been configured. Add axes first, or use suspendUpdates to pause drawing until axes are available. @ https://cdn.jsdelivr.net/npm/scichart@4.0.933/index.min.js:0
[ 3584062ms] [ERROR] Cannot draw annotations before axes have been configured. Add axes first, or use suspendUpdates to pause drawing until axes are available. @ https://cdn.jsdelivr.net/npm/scichart@4.0.933/index.min.js:0
[ 3584062ms] [ERROR] Cannot draw annotations before axes have been configured. Add axes first, or use suspendUpdates to pause drawing until axes are available. @ https://cdn.jsdelivr.net/npm/scichart@4.0.933/index.min.js:0
[ 3584063ms] [ERROR] Cannot draw annotations before axes have been configured. Add axes first, or use suspendUpdates to pause drawing until axes are available. @ https://cdn.jsdelivr.net/npm/scichart@4.0.933/index.min.js:0
[ 3584063ms] [ERROR] Cannot draw annotations before axes have been configured. Add axes first, or use suspendUpdates to pause drawing until axes are available. @ https://cdn.jsdelivr.net/npm/scichart@4.0.933/index.min.js:0
[ 3584063ms] [ERROR] Cannot draw annotations before axes have been configured. Add axes first, or use suspendUpdates to pause drawing until axes are available. @ https://cdn.jsdelivr.net/npm/scichart@4.0.933/index.min.js:0
[ 3584063ms] [ERROR] Cannot draw annotations before axes have been configured. Add axes first, or use suspendUpdates to pause drawing until axes are available. @ https://cdn.jsdelivr.net/npm/scichart@4.0.933/index.min.js:0
[ 3584063ms] [ERROR] Cannot draw annotations before axes have been configured. Add axes first, or use suspendUpdates to pause drawing until axes are available. @ https://cdn.jsdelivr.net/npm/scichart@4.0.933/index.min.js:0
[ 3584064ms] [ERROR] Cannot draw annotations before axes have been configured. Add axes first, or use suspendUpdates to pause drawing until axes are available. @ https://cdn.jsdelivr.net/npm/scichart@4.0.933/index.min.js:0
[ 3584064ms] [ERROR] Cannot draw annotations before axes have been configured. Add axes first, or use suspendUpdates to pause drawing until axes are available. @ https://cdn.jsdelivr.net/npm/scichart@4.0.933/index.min.js:0
[ 3585946ms] [ERROR] Failed to load resource: net::ERR_CONNECTION_REFUSED @ http://localhost:24278/license:0
[ 3589985ms] [ERROR] Cannot draw annotations before axes have been configured. Add axes first, or use suspendUpdates to pause drawing until axes are available. @ https://cdn.jsdelivr.net/npm/scichart@4.0.933/index.min.js:0
[ 3589987ms] [ERROR] Cannot draw annotations before axes have been configured. Add axes first, or use suspendUpdates to pause drawing until axes are available. @ https://cdn.jsdelivr.net/npm/scichart@4.0.933/index.min.js:0
[ 3589987ms] [ERROR] Cannot draw annotations before axes have been configured. Add axes first, or use suspendUpdates to pause drawing until axes are available. @ https://cdn.jsdelivr.net/npm/scichart@4.0.933/index.min.js:0
[ 3589988ms] [ERROR] Cannot draw annotations before axes have been configured. Add axes first, or use suspendUpdates to pause drawing until axes are available. @ https://cdn.jsdelivr.net/npm/scichart@4.0.933/index.min.js:0
[ 3589988ms] [ERROR] Cannot draw annotations before axes have been configured. Add axes first, or use suspendUpdates to pause drawing until axes are available. @ https://cdn.jsdelivr.net/npm/scichart@4.0.933/index.min.js:0
[ 3589989ms] [ERROR] Cannot draw annotations before axes have been configured. Add axes first, or use suspendUpdates to pause drawing until axes are available. @ https://cdn.jsdelivr.net/npm/scichart@4.0.933/index.min.js:0
[ 3589989ms] [ERROR] Cannot draw annotations before axes have been configured. Add axes first, or use suspendUpdates to pause drawing until axes are available. @ https://cdn.jsdelivr.net/npm/scichart@4.0.933/index.min.js:0
[ 3589989ms] [ERROR] Cannot draw annotations before axes have been configured. Add axes first, or use suspendUpdates to pause drawing until axes are available. @ https://cdn.jsdelivr.net/npm/scichart@4.0.933/index.min.js:0
[ 3589989ms] [ERROR] Cannot draw annotations before axes have been configured. Add axes first, or use suspendUpdates to pause drawing until axes are available. @ https://cdn.jsdelivr.net/npm/scichart@4.0.933/index.min.js:0
[ 3589990ms] [ERROR] Cannot draw annotations before axes have been configured. Add axes first, or use suspendUpdates to pause drawing until axes are available. @ https://cdn.jsdelivr.net/npm/scichart@4.0.933/index.min.js:0
[ 3589990ms] [ERROR] Cannot draw annotations before axes have been configured. Add axes first, or use suspendUpdates to pause drawing until axes are available. @ https://cdn.jsdelivr.net/npm/scichart@4.0.933/index.min.js:0
[ 3589990ms] [ERROR] Cannot draw annotations before axes have been configured. Add axes first, or use suspendUpdates to pause drawing until axes are available. @ https://cdn.jsdelivr.net/npm/scichart@4.0.933/index.min.js:0
[ 3589990ms] [ERROR] Cannot draw annotations before axes have been configured. Add axes first, or use suspendUpdates to pause drawing until axes are available. @ https://cdn.jsdelivr.net/npm/scichart@4.0.933/index.min.js:0
[ 3589991ms] [ERROR] Cannot draw annotations before axes have been configured. Add axes first, or use suspendUpdates to pause drawing until axes are available. @ https://cdn.jsdelivr.net/npm/scichart@4.0.933/index.min.js:0
[ 3589991ms] [ERROR] Cannot draw annotations before axes have been configured. Add axes first, or use suspendUpdates to pause drawing until axes are available. @ https://cdn.jsdelivr.net/npm/scichart@4.0.933/index.min.js:0
[ 3589991ms] [ERROR] Cannot draw annotations before axes have been configured. Add axes first, or use suspendUpdates to pause drawing until axes are available. @ https://cdn.jsdelivr.net/npm/scichart@4.0.933/index.min.js:0
[ 3589991ms] [ERROR] Cannot draw annotations before axes have been configured. Add axes first, or use suspendUpdates to pause drawing until axes are available. @ https://cdn.jsdelivr.net/npm/scichart@4.0.933/index.min.js:0
[ 3589991ms] [ERROR] Cannot draw annotations before axes have been configured. Add axes first, or use suspendUpdates to pause drawing until axes are available. @ https://cdn.jsdelivr.net/npm/scichart@4.0.933/index.min.js:0
[ 3589992ms] [ERROR] Cannot draw annotations before axes have been configured. Add axes first, or use suspendUpdates to pause drawing until axes are available. @ https://cdn.jsdelivr.net/npm/scichart@4.0.933/index.min.js:0
[ 3589992ms] [ERROR] Cannot draw annotations before axes have been configured. Add axes first, or use suspendUpdates to pause drawing until axes are available. @ https://cdn.jsdelivr.net/npm/scichart@4.0.933/index.min.js:0
[ 3589992ms] [ERROR] Cannot draw annotations before axes have been configured. Add axes first, or use suspendUpdates to pause drawing until axes are available. @ https://cdn.jsdelivr.net/npm/scichart@4.0.933/index.min.js:0
[ 3590196ms] [ERROR] Cannot draw annotations before axes have been configured. Add axes first, or use suspendUpdates to pause drawing until axes are available. @ https://cdn.jsdelivr.net/npm/scichart@4.0.933/index.min.js:0
[ 3590196ms] [ERROR] Cannot draw annotations before axes have been configured. Add axes first, or use suspendUpdates to pause drawing until axes are available. @ https://cdn.jsdelivr.net/npm/scichart@4.0.933/index.min.js:0
[ 3590197ms] [ERROR] Cannot draw annotations before axes have been configured. Add axes first, or use suspendUpdates to pause drawing until axes are available. @ https://cdn.jsdelivr.net/npm/scichart@4.0.933/index.min.js:0
[ 3590197ms] [ERROR] Cannot draw annotations before axes have been configured. Add axes first, or use suspendUpdates to pause drawing until axes are available. @ https://cdn.jsdelivr.net/npm/scichart@4.0.933/index.min.js:0
[ 3590197ms] [ERROR] Cannot draw annotations before axes have been configured. Add axes first, or use suspendUpdates to pause drawing until axes are available. @ https://cdn.jsdelivr.net/npm/scichart@4.0.933/index.min.js:0
[ 3590197ms] [ERROR] Cannot draw annotations before axes have been configured. Add axes first, or use suspendUpdates to pause drawing until axes are available. @ https://cdn.jsdelivr.net/npm/scichart@4.0.933/index.min.js:0
[ 3590198ms] [ERROR] Cannot draw annotations before axes have been configured. Add axes first, or use suspendUpdates to pause drawing until axes are available. @ https://cdn.jsdelivr.net/npm/scichart@4.0.933/index.min.js:0
[ 3590198ms] [ERROR] Cannot draw annotations before axes have been configured. Add axes first, or use suspendUpdates to pause drawing until axes are available. @ https://cdn.jsdelivr.net/npm/scichart@4.0.933/index.min.js:0
[ 3590198ms] [ERROR] Cannot draw annotations before axes have been configured. Add axes first, or use suspendUpdates to pause drawing until axes are available. @ https://cdn.jsdelivr.net/npm/scichart@4.0.933/index.min.js:0
[ 3590198ms] [ERROR] Cannot draw annotations before axes have been configured. Add axes first, or use suspendUpdates to pause drawing until axes are available. @ https://cdn.jsdelivr.net/npm/scichart@4.0.933/index.min.js:0
[ 3590198ms] [ERROR] Cannot draw annotations before axes have been configured. Add axes first, or use suspendUpdates to pause drawing until axes are available. @ https://cdn.jsdelivr.net/npm/scichart@4.0.933/index.min.js:0
[ 3590199ms] [ERROR] Cannot draw annotations before axes have been configured. Add axes first, or use suspendUpdates to pause drawing until axes are available. @ https://cdn.jsdelivr.net/npm/scichart@4.0.933/index.min.js:0
[ 3590199ms] [ERROR] Cannot draw annotations before axes have been configured. Add axes first, or use suspendUpdates to pause drawing until axes are available. @ https://cdn.jsdelivr.net/npm/scichart@4.0.933/index.min.js:0
[ 3590200ms] [ERROR] Cannot draw annotations before axes have been configured. Add axes first, or use suspendUpdates to pause drawing until axes are available. @ https://cdn.jsdelivr.net/npm/scichart@4.0.933/index.min.js:0
[ 3590200ms] [ERROR] Cannot draw annotations before axes have been configured. Add axes first, or use suspendUpdates to pause drawing until axes are available. @ https://cdn.jsdelivr.net/npm/scichart@4.0.933/index.min.js:0
[ 3590200ms] [ERROR] Cannot draw annotations before axes have been configured. Add axes first, or use suspendUpdates to pause drawing until axes are available. @ https://cdn.jsdelivr.net/npm/scichart@4.0.933/index.min.js:0
[ 3590200ms] [ERROR] Cannot draw annotations before axes have been configured. Add axes first, or use suspendUpdates to pause drawing until axes are available. @ https://cdn.jsdelivr.net/npm/scichart@4.0.933/index.min.js:0
[ 3590200ms] [ERROR] Cannot draw annotations before axes have been configured. Add axes first, or use suspendUpdates to pause drawing until axes are available. @ https://cdn.jsdelivr.net/npm/scichart@4.0.933/index.min.js:0
[ 3590201ms] [ERROR] Cannot draw annotations before axes have been configured. Add axes first, or use suspendUpdates to pause drawing until axes are available. @ https://cdn.jsdelivr.net/npm/scichart@4.0.933/index.min.js:0
[ 3590201ms] [ERROR] Cannot draw annotations before axes have been configured. Add axes first, or use suspendUpdates to pause drawing until axes are available. @ https://cdn.jsdelivr.net/npm/scichart@4.0.933/index.min.js:0
[ 3590201ms] [ERROR] Cannot draw annotations before axes have been configured. Add axes first, or use suspendUpdates to pause drawing until axes are available. @ https://cdn.jsdelivr.net/npm/scichart@4.0.933/index.min.js:0
[ 3590202ms] [ERROR] Cannot draw annotations before axes have been configured. Add axes first, or use suspendUpdates to pause drawing until axes are available. @ https://cdn.jsdelivr.net/npm/scichart@4.0.933/index.min.js:0
[ 3590233ms] [ERROR] Cannot draw annotations before axes have been configured. Add axes first, or use suspendUpdates to pause drawing until axes are available. @ https://cdn.jsdelivr.net/npm/scichart@4.0.933/index.min.js:0
[ 3590233ms] [ERROR] Cannot draw annotations before axes have been configured. Add axes first, or use suspendUpdates to pause drawing until axes are available. @ https://cdn.jsdelivr.net/npm/scichart@4.0.933/index.min.js:0
[ 3590233ms] [ERROR] Cannot draw annotations before axes have been configured. Add axes first, or use suspendUpdates to pause drawing until axes are available. @ https://cdn.jsdelivr.net/npm/scichart@4.0.933/index.min.js:0
[ 3590233ms] [ERROR] Cannot draw annotations before axes have been configured. Add axes first, or use suspendUpdates to pause drawing until axes are available. @ https://cdn.jsdelivr.net/npm/scichart@4.0.933/index.min.js:0
[ 3590234ms] [ERROR] Cannot draw annotations before axes have been configured. Add axes first, or use suspendUpdates to pause drawing until axes are available. @ https://cdn.jsdelivr.net/npm/scichart@4.0.933/index.min.js:0
[ 3590234ms] [ERROR] Cannot draw annotations before axes have been configured. Add axes first, or use suspendUpdates to pause drawing until axes are available. @ https://cdn.jsdelivr.net/npm/scichart@4.0.933/index.min.js:0
[ 3590234ms] [ERROR] Cannot draw annotations before axes have been configured. Add axes first, or use suspendUpdates to pause drawing until axes are available. @ https://cdn.jsdelivr.net/npm/scichart@4.0.933/index.min.js:0
[ 3590234ms] [ERROR] Cannot draw annotations before axes have been configured. Add axes first, or use suspendUpdates to pause drawing until axes are available. @ https://cdn.jsdelivr.net/npm/scichart@4.0.933/index.min.js:0
[ 3590234ms] [ERROR] Cannot draw annotations before axes have been configured. Add axes first, or use suspendUpdates to pause drawing until axes are available. @ https://cdn.jsdelivr.net/npm/scichart@4.0.933/index.min.js:0
[ 3590235ms] [ERROR] Cannot draw annotations before axes have been configured. Add axes first, or use suspendUpdates to pause drawing until axes are available. @ https://cdn.jsdelivr.net/npm/scichart@4.0.933/index.min.js:0
[ 3590235ms] [ERROR] Cannot draw annotations before axes have been configured. Add axes first, or use suspendUpdates to pause drawing until axes are available. @ https://cdn.jsdelivr.net/npm/scichart@4.0.933/index.min.js:0
[ 3590235ms] [ERROR] Cannot draw annotations before axes have been configured. Add axes first, or use suspendUpdates to pause drawing until axes are available. @ https://cdn.jsdelivr.net/npm/scichart@4.0.933/index.min.js:0
[ 3590235ms] [ERROR] Cannot draw annotations before axes have been configured. Add axes first, or use suspendUpdates to pause drawing until axes are available. @ https://cdn.jsdelivr.net/npm/scichart@4.0.933/index.min.js:0
[ 3590236ms] [ERROR] Cannot draw annotations before axes have been configured. Add axes first, or use suspendUpdates to pause drawing until axes are available. @ https://cdn.jsdelivr.net/npm/scichart@4.0.933/index.min.js:0
[ 3590236ms] [ERROR] Cannot draw annotations before axes have been configured. Add axes first, or use suspendUpdates to pause drawing until axes are available. @ https://cdn.jsdelivr.net/npm/scichart@4.0.933/index.min.js:0
[ 3590236ms] [ERROR] Cannot draw annotations before axes have been configured. Add axes first, or use suspendUpdates to pause drawing until axes are available. @ https://cdn.jsdelivr.net/npm/scichart@4.0.933/index.min.js:0
[ 3590237ms] [ERROR] Cannot draw annotations before axes have been configured. Add axes first, or use suspendUpdates to pause drawing until axes are available. @ https://cdn.jsdelivr.net/npm/scichart@4.0.933/index.min.js:0
[ 3590237ms] [ERROR] Cannot draw annotations before axes have been configured. Add axes first, or use suspendUpdates to pause drawing until axes are available. @ https://cdn.jsdelivr.net/npm/scichart@4.0.933/index.min.js:0
[ 3590237ms] [ERROR] Cannot draw annotations before axes have been configured. Add axes first, or use suspendUpdates to pause drawing until axes are available. @ https://cdn.jsdelivr.net/npm/scichart@4.0.933/index.min.js:0
[ 3590238ms] [ERROR] Cannot draw annotations before axes have been configured. Add axes first, or use suspendUpdates to pause drawing until axes are available. @ https://cdn.jsdelivr.net/npm/scichart@4.0.933/index.min.js:0
[ 3590238ms] [ERROR] Cannot draw annotations before axes have been configured. Add axes first, or use suspendUpdates to pause drawing until axes are available. @ https://cdn.jsdelivr.net/npm/scichart@4.0.933/index.min.js:0
[ 3590238ms] [ERROR] Cannot draw annotations before axes have been configured. Add axes first, or use suspendUpdates to pause drawing until axes are available. @ https://cdn.jsdelivr.net/npm/scichart@4.0.933/index.min.js:0
[ 3590238ms] [ERROR] Cannot draw annotations before axes have been configured. Add axes first, or use suspendUpdates to pause drawing until axes are available. @ https://cdn.jsdelivr.net/npm/scichart@4.0.933/index.min.js:0
[ 3590238ms] [ERROR] Cannot draw annotations before axes have been configured. Add axes first, or use suspendUpdates to pause drawing until axes are available. @ https://cdn.jsdelivr.net/npm/scichart@4.0.933/index.min.js:0
[ 3591021ms] [ERROR] Failed to load resource: net::ERR_CONNECTION_REFUSED @ http://localhost:24278/license:0
[ 3595977ms] [ERROR] Cannot draw annotations before axes have been configured. Add axes first, or use suspendUpdates to pause drawing until axes are available. @ https://cdn.jsdelivr.net/npm/scichart@4.0.933/index.min.js:0
[ 3595979ms] [ERROR] Cannot draw annotations before axes have been configured. Add axes first, or use suspendUpdates to pause drawing until axes are available. @ https://cdn.jsdelivr.net/npm/scichart@4.0.933/index.min.js:0
[ 3595979ms] [ERROR] Cannot draw annotations before axes have been configured. Add axes first, or use suspendUpdates to pause drawing until axes are available. @ https://cdn.jsdelivr.net/npm/scichart@4.0.933/index.min.js:0
[ 3595980ms] [ERROR] Cannot draw annotations before axes have been configured. Add axes first, or use suspendUpdates to pause drawing until axes are available. @ https://cdn.jsdelivr.net/npm/scichart@4.0.933/index.min.js:0
[ 3595980ms] [ERROR] Cannot draw annotations before axes have been configured. Add axes first, or use suspendUpdates to pause drawing until axes are available. @ https://cdn.jsdelivr.net/npm/scichart@4.0.933/index.min.js:0
[ 3595980ms] [ERROR] Cannot draw annotations before axes have been configured. Add axes first, or use suspendUpdates to pause drawing until axes are available. @ https://cdn.jsdelivr.net/npm/scichart@4.0.933/index.min.js:0
[ 3595980ms] [ERROR] Cannot draw annotations before axes have been configured. Add axes first, or use suspendUpdates to pause drawing until axes are available. @ https://cdn.jsdelivr.net/npm/scichart@4.0.933/index.min.js:0
[ 3595981ms] [ERROR] Cannot draw annotations before axes have been configured. Add axes first, or use suspendUpdates to pause drawing until axes are available. @ https://cdn.jsdelivr.net/npm/scichart@4.0.933/index.min.js:0
[ 3595981ms] [ERROR] Cannot draw annotations before axes have been configured. Add axes first, or use suspendUpdates to pause drawing until axes are available. @ https://cdn.jsdelivr.net/npm/scichart@4.0.933/index.min.js:0
[ 3595981ms] [ERROR] Cannot draw annotations before axes have been configured. Add axes first, or use suspendUpdates to pause drawing until axes are available. @ https://cdn.jsdelivr.net/npm/scichart@4.0.933/index.min.js:0
[ 3595981ms] [ERROR] Cannot draw annotations before axes have been configured. Add axes first, or use suspendUpdates to pause drawing until axes are available. @ https://cdn.jsdelivr.net/npm/scichart@4.0.933/index.min.js:0
[ 3595982ms] [ERROR] Cannot draw annotations before axes have been configured. Add axes first, or use suspendUpdates to pause drawing until axes are available. @ https://cdn.jsdelivr.net/npm/scichart@4.0.933/index.min.js:0
[ 3595982ms] [ERROR] Cannot draw annotations before axes have been configured. Add axes first, or use suspendUpdates to pause drawing until axes are available. @ https://cdn.jsdelivr.net/npm/scichart@4.0.933/index.min.js:0
[ 3595983ms] [ERROR] Cannot draw annotations before axes have been configured. Add axes first, or use suspendUpdates to pause drawing until axes are available. @ https://cdn.jsdelivr.net/npm/scichart@4.0.933/index.min.js:0
[ 3595983ms] [ERROR] Cannot draw annotations before axes have been configured. Add axes first, or use suspendUpdates to pause drawing until axes are available. @ https://cdn.jsdelivr.net/npm/scichart@4.0.933/index.min.js:0
[ 3595983ms] [ERROR] Cannot draw annotations before axes have been configured. Add axes first, or use suspendUpdates to pause drawing until axes are available. @ https://cdn.jsdelivr.net/npm/scichart@4.0.933/index.min.js:0
[ 3595984ms] [ERROR] Cannot draw annotations before axes have been configured. Add axes first, or use suspendUpdates to pause drawing until axes are available. @ https://cdn.jsdelivr.net/npm/scichart@4.0.933/index.min.js:0
[ 3595984ms] [ERROR] Cannot draw annotations before axes have been configured. Add axes first, or use suspendUpdates to pause drawing until axes are available. @ https://cdn.jsdelivr.net/npm/scichart@4.0.933/index.min.js:0
[ 3595984ms] [ERROR] Cannot draw annotations before axes have been configured. Add axes first, or use suspendUpdates to pause drawing until axes are available. @ https://cdn.jsdelivr.net/npm/scichart@4.0.933/index.min.js:0
[ 3595984ms] [ERROR] Cannot draw annotations before axes have been configured. Add axes first, or use suspendUpdates to pause drawing until axes are available. @ https://cdn.jsdelivr.net/npm/scichart@4.0.933/index.min.js:0
[ 3595984ms] [ERROR] Cannot draw annotations before axes have been configured. Add axes first, or use suspendUpdates to pause drawing until axes are available. @ https://cdn.jsdelivr.net/npm/scichart@4.0.933/index.min.js:0
[ 3595985ms] [ERROR] Cannot draw annotations before axes have been configured. Add axes first, or use suspendUpdates to pause drawing until axes are available. @ https://cdn.jsdelivr.net/npm/scichart@4.0.933/index.min.js:0
[ 3595985ms] [ERROR] Cannot draw annotations before axes have been configured. Add axes first, or use suspendUpdates to pause drawing until axes are available. @ https://cdn.jsdelivr.net/npm/scichart@4.0.933/index.min.js:0
[ 3595985ms] [ERROR] Cannot draw annotations before axes have been configured. Add axes first, or use suspendUpdates to pause drawing until axes are available. @ https://cdn.jsdelivr.net/npm/scichart@4.0.933/index.min.js:0
[ 3595985ms] [ERROR] Cannot draw annotations before axes have been configured. Add axes first, or use suspendUpdates to pause drawing until axes are available. @ https://cdn.jsdelivr.net/npm/scichart@4.0.933/index.min.js:0
[ 3596077ms] [ERROR] Failed to load resource: net::ERR_CONNECTION_REFUSED @ http://localhost:24278/license:0
[ 3596077ms] [LOG] Failed to connect to licensing wizard. Refresh page to retry. @ https://cdn.jsdelivr.net/npm/scichart@4.0.933/index.min.js:0
[ 3596092ms] [ERROR] Cannot draw annotations before axes have been configured. Add axes first, or use suspendUpdates to pause drawing until axes are available. @ https://cdn.jsdelivr.net/npm/scichart@4.0.933/index.min.js:0
[ 3596093ms] [ERROR] Cannot draw annotations before axes have been configured. Add axes first, or use suspendUpdates to pause drawing until axes are available. @ https://cdn.jsdelivr.net/npm/scichart@4.0.933/index.min.js:0
[ 3596093ms] [ERROR] Cannot draw annotations before axes have been configured. Add axes first, or use suspendUpdates to pause drawing until axes are available. @ https://cdn.jsdelivr.net/npm/scichart@4.0.933/index.min.js:0
[ 3596093ms] [ERROR] Cannot draw annotations before axes have been configured. Add axes first, or use suspendUpdates to pause drawing until axes are available. @ https://cdn.jsdelivr.net/npm/scichart@4.0.933/index.min.js:0
[ 3596093ms] [ERROR] Cannot draw annotations before axes have been configured. Add axes first, or use suspendUpdates to pause drawing until axes are available. @ https://cdn.jsdelivr.net/npm/scichart@4.0.933/index.min.js:0
[ 3596093ms] [ERROR] Cannot draw annotations before axes have been configured. Add axes first, or use suspendUpdates to pause drawing until axes are available. @ https://cdn.jsdelivr.net/npm/scichart@4.0.933/index.min.js:0
[ 3596094ms] [ERROR] Cannot draw annotations before axes have been configured. Add axes first, or use suspendUpdates to pause drawing until axes are available. @ https://cdn.jsdelivr.net/npm/scichart@4.0.933/index.min.js:0
[ 3596094ms] [ERROR] Cannot draw annotations before axes have been configured. Add axes first, or use suspendUpdates to pause drawing until axes are available. @ https://cdn.jsdelivr.net/npm/scichart@4.0.933/index.min.js:0
[ 3596094ms] [ERROR] Cannot draw annotations before axes have been configured. Add axes first, or use suspendUpdates to pause drawing until axes are available. @ https://cdn.jsdelivr.net/npm/scichart@4.0.933/index.min.js:0
[ 3596094ms] [ERROR] Cannot draw annotations before axes have been configured. Add axes first, or use suspendUpdates to pause drawing until axes are available. @ https://cdn.jsdelivr.net/npm/scichart@4.0.933/index.min.js:0
[ 3596095ms] [ERROR] Cannot draw annotations before axes have been configured. Add axes first, or use suspendUpdates to pause drawing until axes are available. @ https://cdn.jsdelivr.net/npm/scichart@4.0.933/index.min.js:0
[ 3596095ms] [ERROR] Cannot draw annotations before axes have been configured. Add axes first, or use suspendUpdates to pause drawing until axes are available. @ https://cdn.jsdelivr.net/npm/scichart@4.0.933/index.min.js:0
[ 3596095ms] [ERROR] Cannot draw annotations before axes have been configured. Add axes first, or use suspendUpdates to pause drawing until axes are available. @ https://cdn.jsdelivr.net/npm/scichart@4.0.933/index.min.js:0
[ 3596096ms] [ERROR] Cannot draw annotations before axes have been configured. Add axes first, or use suspendUpdates to pause drawing until axes are available. @ https://cdn.jsdelivr.net/npm/scichart@4.0.933/index.min.js:0
[ 3596096ms] [ERROR] Cannot draw annotations before axes have been configured. Add axes first, or use suspendUpdates to pause drawing until axes are available. @ https://cdn.jsdelivr.net/npm/scichart@4.0.933/index.min.js:0
[ 3596096ms] [ERROR] Cannot draw annotations before axes have been configured. Add axes first, or use suspendUpdates to pause drawing until axes are available. @ https://cdn.jsdelivr.net/npm/scichart@4.0.933/index.min.js:0
[ 3596096ms] [ERROR] Cannot draw annotations before axes have been configured. Add axes first, or use suspendUpdates to pause drawing until axes are available. @ https://cdn.jsdelivr.net/npm/scichart@4.0.933/index.min.js:0
[ 3596097ms] [ERROR] Cannot draw annotations before axes have been configured. Add axes first, or use suspendUpdates to pause drawing until axes are available. @ https://cdn.jsdelivr.net/npm/scichart@4.0.933/index.min.js:0
[ 3596097ms] [ERROR] Cannot draw annotations before axes have been configured. Add axes first, or use suspendUpdates to pause drawing until axes are available. @ https://cdn.jsdelivr.net/npm/scichart@4.0.933/index.min.js:0
[ 3596097ms] [ERROR] Cannot draw annotations before axes have been configured. Add axes first, or use suspendUpdates to pause drawing until axes are available. @ https://cdn.jsdelivr.net/npm/scichart@4.0.933/index.min.js:0
[ 3596097ms] [ERROR] Cannot draw annotations before axes have been configured. Add axes first, or use suspendUpdates to pause drawing until axes are available. @ https://cdn.jsdelivr.net/npm/scichart@4.0.933/index.min.js:0
[ 3596098ms] [ERROR] Cannot draw annotations before axes have been configured. Add axes first, or use suspendUpdates to pause drawing until axes are available. @ https://cdn.jsdelivr.net/npm/scichart@4.0.933/index.min.js:0
[ 3596098ms] [ERROR] Cannot draw annotations before axes have been configured. Add axes first, or use suspendUpdates to pause drawing until axes are available. @ https://cdn.jsdelivr.net/npm/scichart@4.0.933/index.min.js:0
[ 3596098ms] [ERROR] Cannot draw annotations before axes have been configured. Add axes first, or use suspendUpdates to pause drawing until axes are available. @ https://cdn.jsdelivr.net/npm/scichart@4.0.933/index.min.js:0
[ 3596098ms] [ERROR] Cannot draw annotations before axes have been configured. Add axes first, or use suspendUpdates to pause drawing until axes are available. @ https://cdn.jsdelivr.net/npm/scichart@4.0.933/index.min.js:0
[ 3596162ms] [ERROR] Cannot draw annotations before axes have been configured. Add axes first, or use suspendUpdates to pause drawing until axes are available. @ https://cdn.jsdelivr.net/npm/scichart@4.0.933/index.min.js:0
[ 3596162ms] [ERROR] Cannot draw annotations before axes have been configured. Add axes first, or use suspendUpdates to pause drawing until axes are available. @ https://cdn.jsdelivr.net/npm/scichart@4.0.933/index.min.js:0
[ 3596163ms] [ERROR] Cannot draw annotations before axes have been configured. Add axes first, or use suspendUpdates to pause drawing until axes are available. @ https://cdn.jsdelivr.net/npm/scichart@4.0.933/index.min.js:0
[ 3596163ms] [ERROR] Cannot draw annotations before axes have been configured. Add axes first, or use suspendUpdates to pause drawing until axes are available. @ https://cdn.jsdelivr.net/npm/scichart@4.0.933/index.min.js:0
[ 3596163ms] [ERROR] Cannot draw annotations before axes have been configured. Add axes first, or use suspendUpdates to pause drawing until axes are available. @ https://cdn.jsdelivr.net/npm/scichart@4.0.933/index.min.js:0
[ 3596163ms] [ERROR] Cannot draw annotations before axes have been configured. Add axes first, or use suspendUpdates to pause drawing until axes are available. @ https://cdn.jsdelivr.net/npm/scichart@4.0.933/index.min.js:0
[ 3596164ms] [ERROR] Cannot draw annotations before axes have been configured. Add axes first, or use suspendUpdates to pause drawing until axes are available. @ https://cdn.jsdelivr.net/npm/scichart@4.0.933/index.min.js:0
[ 3596164ms] [ERROR] Cannot draw annotations before axes have been configured. Add axes first, or use suspendUpdates to pause drawing until axes are available. @ https://cdn.jsdelivr.net/npm/scichart@4.0.933/index.min.js:0
[ 3596164ms] [ERROR] Cannot draw annotations before axes have been configured. Add axes first, or use suspendUpdates to pause drawing until axes are available. @ https://cdn.jsdelivr.net/npm/scichart@4.0.933/index.min.js:0
[ 3596164ms] [ERROR] Cannot draw annotations before axes have been configured. Add axes first, or use suspendUpdates to pause drawing until axes are available. @ https://cdn.jsdelivr.net/npm/scichart@4.0.933/index.min.js:0
[ 3596164ms] [ERROR] Cannot draw annotations before axes have been configured. Add axes first, or use suspendUpdates to pause drawing until axes are available. @ https://cdn.jsdelivr.net/npm/scichart@4.0.933/index.min.js:0
[ 3596165ms] [ERROR] Cannot draw annotations before axes have been configured. Add axes first, or use suspendUpdates to pause drawing until axes are available. @ https://cdn.jsdelivr.net/npm/scichart@4.0.933/index.min.js:0
[ 3596165ms] [ERROR] Cannot draw annotations before axes have been configured. Add axes first, or use suspendUpdates to pause drawing until axes are available. @ https://cdn.jsdelivr.net/npm/scichart@4.0.933/index.min.js:0
[ 3596165ms] [ERROR] Cannot draw annotations before axes have been configured. Add axes first, or use suspendUpdates to pause drawing until axes are available. @ https://cdn.jsdelivr.net/npm/scichart@4.0.933/index.min.js:0
[ 3596165ms] [ERROR] Cannot draw annotations before axes have been configured. Add axes first, or use suspendUpdates to pause drawing until axes are available. @ https://cdn.jsdelivr.net/npm/scichart@4.0.933/index.min.js:0
[ 3596166ms] [ERROR] Cannot draw annotations before axes have been configured. Add axes first, or use suspendUpdates to pause drawing until axes are available. @ https://cdn.jsdelivr.net/npm/scichart@4.0.933/index.min.js:0
[ 3596166ms] [ERROR] Cannot draw annotations before axes have been configured. Add axes first, or use suspendUpdates to pause drawing until axes are available. @ https://cdn.jsdelivr.net/npm/scichart@4.0.933/index.min.js:0
[ 3596166ms] [ERROR] Cannot draw annotations before axes have been configured. Add axes first, or use suspendUpdates to pause drawing until axes are available. @ https://cdn.jsdelivr.net/npm/scichart@4.0.933/index.min.js:0
[ 3596166ms] [ERROR] Cannot draw annotations before axes have been configured. Add axes first, or use suspendUpdates to pause drawing until axes are available. @ https://cdn.jsdelivr.net/npm/scichart@4.0.933/index.min.js:0
[ 3596167ms] [ERROR] Cannot draw annotations before axes have been configured. Add axes first, or use suspendUpdates to pause drawing until axes are available. @ https://cdn.jsdelivr.net/npm/scichart@4.0.933/index.min.js:0
[ 3596167ms] [ERROR] Cannot draw annotations before axes have been configured. Add axes first, or use suspendUpdates to pause drawing until axes are available. @ https://cdn.jsdelivr.net/npm/scichart@4.0.933/index.min.js:0
[ 3596167ms] [ERROR] Cannot draw annotations before axes have been configured. Add axes first, or use suspendUpdates to pause drawing until axes are available. @ https://cdn.jsdelivr.net/npm/scichart@4.0.933/index.min.js:0
[ 3596168ms] [ERROR] Cannot draw annotations before axes have been configured. Add axes first, or use suspendUpdates to pause drawing until axes are available. @ https://cdn.jsdelivr.net/npm/scichart@4.0.933/index.min.js:0
[ 3596168ms] [ERROR] Cannot draw annotations before axes have been configured. Add axes first, or use suspendUpdates to pause drawing until axes are available. @ https://cdn.jsdelivr.net/npm/scichart@4.0.933/index.min.js:0
[ 3596169ms] [ERROR] Cannot draw annotations before axes have been configured. Add axes first, or use suspendUpdates to pause drawing until axes are available. @ https://cdn.jsdelivr.net/npm/scichart@4.0.933/index.min.js:0
[ 3596169ms] [ERROR] Cannot draw annotations before axes have been configured. Add axes first, or use suspendUpdates to pause drawing until axes are available. @ https://cdn.jsdelivr.net/npm/scichart@4.0.933/index.min.js:0
[ 3596195ms] [ERROR] Cannot draw annotations before axes have been configured. Add axes first, or use suspendUpdates to pause drawing until axes are available. @ https://cdn.jsdelivr.net/npm/scichart@4.0.933/index.min.js:0
[ 3596196ms] [ERROR] Cannot draw annotations before axes have been configured. Add axes first, or use suspendUpdates to pause drawing until axes are available. @ https://cdn.jsdelivr.net/npm/scichart@4.0.933/index.min.js:0
[ 3596196ms] [ERROR] Cannot draw annotations before axes have been configured. Add axes first, or use suspendUpdates to pause drawing until axes are available. @ https://cdn.jsdelivr.net/npm/scichart@4.0.933/index.min.js:0
[ 3596196ms] [ERROR] Cannot draw annotations before axes have been configured. Add axes first, or use suspendUpdates to pause drawing until axes are available. @ https://cdn.jsdelivr.net/npm/scichart@4.0.933/index.min.js:0
[ 3596197ms] [ERROR] Cannot draw annotations before axes have been configured. Add axes first, or use suspendUpdates to pause drawing until axes are available. @ https://cdn.jsdelivr.net/npm/scichart@4.0.933/index.min.js:0
[ 3596197ms] [ERROR] Cannot draw annotations before axes have been configured. Add axes first, or use suspendUpdates to pause drawing until axes are available. @ https://cdn.jsdelivr.net/npm/scichart@4.0.933/index.min.js:0
[ 3596197ms] [ERROR] Cannot draw annotations before axes have been configured. Add axes first, or use suspendUpdates to pause drawing until axes are available. @ https://cdn.jsdelivr.net/npm/scichart@4.0.933/index.min.js:0
[ 3596197ms] [ERROR] Cannot draw annotations before axes have been configured. Add axes first, or use suspendUpdates to pause drawing until axes are available. @ https://cdn.jsdelivr.net/npm/scichart@4.0.933/index.min.js:0
[ 3596197ms] [ERROR] Cannot draw annotations before axes have been configured. Add axes first, or use suspendUpdates to pause drawing until axes are available. @ https://cdn.jsdelivr.net/npm/scichart@4.0.933/index.min.js:0
[ 3596198ms] [ERROR] Cannot draw annotations before axes have been configured. Add axes first, or use suspendUpdates to pause drawing until axes are available. @ https://cdn.jsdelivr.net/npm/scichart@4.0.933/index.min.js:0
[ 3596198ms] [ERROR] Cannot draw annotations before axes have been configured. Add axes first, or use suspendUpdates to pause drawing until axes are available. @ https://cdn.jsdelivr.net/npm/scichart@4.0.933/index.min.js:0
[ 3596198ms] [ERROR] Cannot draw annotations before axes have been configured. Add axes first, or use suspendUpdates to pause drawing until axes are available. @ https://cdn.jsdelivr.net/npm/scichart@4.0.933/index.min.js:0
[ 3596198ms] [ERROR] Cannot draw annotations before axes have been configured. Add axes first, or use suspendUpdates to pause drawing until axes are available. @ https://cdn.jsdelivr.net/npm/scichart@4.0.933/index.min.js:0
[ 3596199ms] [ERROR] Cannot draw annotations before axes have been configured. Add axes first, or use suspendUpdates to pause drawing until axes are available. @ https://cdn.jsdelivr.net/npm/scichart@4.0.933/index.min.js:0
[ 3596199ms] [ERROR] Cannot draw annotations before axes have been configured. Add axes first, or use suspendUpdates to pause drawing until axes are available. @ https://cdn.jsdelivr.net/npm/scichart@4.0.933/index.min.js:0
[ 3596200ms] [ERROR] Cannot draw annotations before axes have been configured. Add axes first, or use suspendUpdates to pause drawing until axes are available. @ https://cdn.jsdelivr.net/npm/scichart@4.0.933/index.min.js:0
[ 3596200ms] [ERROR] Cannot draw annotations before axes have been configured. Add axes first, or use suspendUpdates to pause drawing until axes are available. @ https://cdn.jsdelivr.net/npm/scichart@4.0.933/index.min.js:0
[ 3596201ms] [ERROR] Cannot draw annotations before axes have been configured. Add axes first, or use suspendUpdates to pause drawing until axes are available. @ https://cdn.jsdelivr.net/npm/scichart@4.0.933/index.min.js:0
[ 3596201ms] [ERROR] Cannot draw annotations before axes have been configured. Add axes first, or use suspendUpdates to pause drawing until axes are available. @ https://cdn.jsdelivr.net/npm/scichart@4.0.933/index.min.js:0
[ 3596201ms] [ERROR] Cannot draw annotations before axes have been configured. Add axes first, or use suspendUpdates to pause drawing until axes are available. @ https://cdn.jsdelivr.net/npm/scichart@4.0.933/index.min.js:0
[ 3596201ms] [ERROR] Cannot draw annotations before axes have been configured. Add axes first, or use suspendUpdates to pause drawing until axes are available. @ https://cdn.jsdelivr.net/npm/scichart@4.0.933/index.min.js:0
[ 3596201ms] [ERROR] Cannot draw annotations before axes have been configured. Add axes first, or use suspendUpdates to pause drawing until axes are available. @ https://cdn.jsdelivr.net/npm/scichart@4.0.933/index.min.js:0
[ 3596202ms] [ERROR] Cannot draw annotations before axes have been configured. Add axes first, or use suspendUpdates to pause drawing until axes are available. @ https://cdn.jsdelivr.net/npm/scichart@4.0.933/index.min.js:0
[ 3596202ms] [ERROR] Cannot draw annotations before axes have been configured. Add axes first, or use suspendUpdates to pause drawing until axes are available. @ https://cdn.jsdelivr.net/npm/scichart@4.0.933/index.min.js:0
[ 3596202ms] [ERROR] Cannot draw annotations before axes have been configured. Add axes first, or use suspendUpdates to pause drawing until axes are available. @ https://cdn.jsdelivr.net/npm/scichart@4.0.933/index.min.js:0
[ 3596202ms] [ERROR] Cannot draw annotations before axes have been configured. Add axes first, or use suspendUpdates to pause drawing until axes are available. @ https://cdn.jsdelivr.net/npm/scichart@4.0.933/index.min.js:0
[ 3596202ms] [ERROR] Cannot draw annotations before axes have been configured. Add axes first, or use suspendUpdates to pause drawing until axes are available. @ https://cdn.jsdelivr.net/npm/scichart@4.0.933/index.min.js:0
[ 3596203ms] [ERROR] Cannot draw annotations before axes have been configured. Add axes first, or use suspendUpdates to pause drawing until axes are available. @ https://cdn.jsdelivr.net/npm/scichart@4.0.933/index.min.js:0
[ 3602285ms] [ERROR] Cannot draw annotations before axes have been configured. Add axes first, or use suspendUpdates to pause drawing until axes are available. @ https://cdn.jsdelivr.net/npm/scichart@4.0.933/index.min.js:0
[ 3602287ms] [ERROR] Cannot draw annotations before axes have been configured. Add axes first, or use suspendUpdates to pause drawing until axes are available. @ https://cdn.jsdelivr.net/npm/scichart@4.0.933/index.min.js:0
[ 3602287ms] [ERROR] Cannot draw annotations before axes have been configured. Add axes first, or use suspendUpdates to pause drawing until axes are available. @ https://cdn.jsdelivr.net/npm/scichart@4.0.933/index.min.js:0
[ 3602287ms] [ERROR] Cannot draw annotations before axes have been configured. Add axes first, or use suspendUpdates to pause drawing until axes are available. @ https://cdn.jsdelivr.net/npm/scichart@4.0.933/index.min.js:0
[ 3602288ms] [ERROR] Cannot draw annotations before axes have been configured. Add axes first, or use suspendUpdates to pause drawing until axes are available. @ https://cdn.jsdelivr.net/npm/scichart@4.0.933/index.min.js:0
[ 3602288ms] [ERROR] Cannot draw annotations before axes have been configured. Add axes first, or use suspendUpdates to pause drawing until axes are available. @ https://cdn.jsdelivr.net/npm/scichart@4.0.933/index.min.js:0
[ 3602288ms] [ERROR] Cannot draw annotations before axes have been configured. Add axes first, or use suspendUpdates to pause drawing until axes are available. @ https://cdn.jsdelivr.net/npm/scichart@4.0.933/index.min.js:0
[ 3602289ms] [ERROR] Cannot draw annotations before axes have been configured. Add axes first, or use suspendUpdates to pause drawing until axes are available. @ https://cdn.jsdelivr.net/npm/scichart@4.0.933/index.min.js:0
[ 3602289ms] [ERROR] Cannot draw annotations before axes have been configured. Add axes first, or use suspendUpdates to pause drawing until axes are available. @ https://cdn.jsdelivr.net/npm/scichart@4.0.933/index.min.js:0
[ 3602289ms] [ERROR] Cannot draw annotations before axes have been configured. Add axes first, or use suspendUpdates to pause drawing until axes are available. @ https://cdn.jsdelivr.net/npm/scichart@4.0.933/index.min.js:0
[ 3602289ms] [ERROR] Cannot draw annotations before axes have been configured. Add axes first, or use suspendUpdates to pause drawing until axes are available. @ https://cdn.jsdelivr.net/npm/scichart@4.0.933/index.min.js:0
[ 3602290ms] [ERROR] Cannot draw annotations before axes have been configured. Add axes first, or use suspendUpdates to pause drawing until axes are available. @ https://cdn.jsdelivr.net/npm/scichart@4.0.933/index.min.js:0
[ 3602290ms] [ERROR] Cannot draw annotations before axes have been configured. Add axes first, or use suspendUpdates to pause drawing until axes are available. @ https://cdn.jsdelivr.net/npm/scichart@4.0.933/index.min.js:0
[ 3602290ms] [ERROR] Cannot draw annotations before axes have been configured. Add axes first, or use suspendUpdates to pause drawing until axes are available. @ https://cdn.jsdelivr.net/npm/scichart@4.0.933/index.min.js:0
[ 3602290ms] [ERROR] Cannot draw annotations before axes have been configured. Add axes first, or use suspendUpdates to pause drawing until axes are available. @ https://cdn.jsdelivr.net/npm/scichart@4.0.933/index.min.js:0
[ 3602291ms] [ERROR] Cannot draw annotations before axes have been configured. Add axes first, or use suspendUpdates to pause drawing until axes are available. @ https://cdn.jsdelivr.net/npm/scichart@4.0.933/index.min.js:0
[ 3602291ms] [ERROR] Cannot draw annotations before axes have been configured. Add axes first, or use suspendUpdates to pause drawing until axes are available. @ https://cdn.jsdelivr.net/npm/scichart@4.0.933/index.min.js:0
[ 3602291ms] [ERROR] Cannot draw annotations before axes have been configured. Add axes first, or use suspendUpdates to pause drawing until axes are available. @ https://cdn.jsdelivr.net/npm/scichart@4.0.933/index.min.js:0
[ 3602291ms] [ERROR] Cannot draw annotations before axes have been configured. Add axes first, or use suspendUpdates to pause drawing until axes are available. @ https://cdn.jsdelivr.net/npm/scichart@4.0.933/index.min.js:0
[ 3602292ms] [ERROR] Cannot draw annotations before axes have been configured. Add axes first, or use suspendUpdates to pause drawing until axes are available. @ https://cdn.jsdelivr.net/npm/scichart@4.0.933/index.min.js:0
[ 3602292ms] [ERROR] Cannot draw annotations before axes have been configured. Add axes first, or use suspendUpdates to pause drawing until axes are available. @ https://cdn.jsdelivr.net/npm/scichart@4.0.933/index.min.js:0
[ 3602292ms] [ERROR] Cannot draw annotations before axes have been configured. Add axes first, or use suspendUpdates to pause drawing until axes are available. @ https://cdn.jsdelivr.net/npm/scichart@4.0.933/index.min.js:0
[ 3602292ms] [ERROR] Cannot draw annotations before axes have been configured. Add axes first, or use suspendUpdates to pause drawing until axes are available. @ https://cdn.jsdelivr.net/npm/scichart@4.0.933/index.min.js:0
[ 3602293ms] [ERROR] Cannot draw annotations before axes have been configured. Add axes first, or use suspendUpdates to pause drawing until axes are available. @ https://cdn.jsdelivr.net/npm/scichart@4.0.933/index.min.js:0
[ 3602293ms] [ERROR] Cannot draw annotations before axes have been configured. Add axes first, or use suspendUpdates to pause drawing until axes are available. @ https://cdn.jsdelivr.net/npm/scichart@4.0.933/index.min.js:0
[ 3602293ms] [ERROR] Cannot draw annotations before axes have been configured. Add axes first, or use suspendUpdates to pause drawing until axes are available. @ https://cdn.jsdelivr.net/npm/scichart@4.0.933/index.min.js:0
[ 3602293ms] [ERROR] Cannot draw annotations before axes have been configured. Add axes first, or use suspendUpdates to pause drawing until axes are available. @ https://cdn.jsdelivr.net/npm/scichart@4.0.933/index.min.js:0
[ 3602293ms] [ERROR] Cannot draw annotations before axes have been configured. Add axes first, or use suspendUpdates to pause drawing until axes are available. @ https://cdn.jsdelivr.net/npm/scichart@4.0.933/index.min.js:0
[ 3602294ms] [ERROR] Cannot draw annotations before axes have been configured. Add axes first, or use suspendUpdates to pause drawing until axes are available. @ https://cdn.jsdelivr.net/npm/scichart@4.0.933/index.min.js:0
[ 3602422ms] [ERROR] Cannot draw annotations before axes have been configured. Add axes first, or use suspendUpdates to pause drawing until axes are available. @ https://cdn.jsdelivr.net/npm/scichart@4.0.933/index.min.js:0
[ 3602422ms] [ERROR] Cannot draw annotations before axes have been configured. Add axes first, or use suspendUpdates to pause drawing until axes are available. @ https://cdn.jsdelivr.net/npm/scichart@4.0.933/index.min.js:0
[ 3602423ms] [ERROR] Cannot draw annotations before axes have been configured. Add axes first, or use suspendUpdates to pause drawing until axes are available. @ https://cdn.jsdelivr.net/npm/scichart@4.0.933/index.min.js:0
[ 3602423ms] [ERROR] Cannot draw annotations before axes have been configured. Add axes first, or use suspendUpdates to pause drawing until axes are available. @ https://cdn.jsdelivr.net/npm/scichart@4.0.933/index.min.js:0
[ 3602423ms] [ERROR] Cannot draw annotations before axes have been configured. Add axes first, or use suspendUpdates to pause drawing until axes are available. @ https://cdn.jsdelivr.net/npm/scichart@4.0.933/index.min.js:0
[ 3602423ms] [ERROR] Cannot draw annotations before axes have been configured. Add axes first, or use suspendUpdates to pause drawing until axes are available. @ https://cdn.jsdelivr.net/npm/scichart@4.0.933/index.min.js:0
[ 3602423ms] [ERROR] Cannot draw annotations before axes have been configured. Add axes first, or use suspendUpdates to pause drawing until axes are available. @ https://cdn.jsdelivr.net/npm/scichart@4.0.933/index.min.js:0
[ 3602424ms] [ERROR] Cannot draw annotations before axes have been configured. Add axes first, or use suspendUpdates to pause drawing until axes are available. @ https://cdn.jsdelivr.net/npm/scichart@4.0.933/index.min.js:0
[ 3602424ms] [ERROR] Cannot draw annotations before axes have been configured. Add axes first, or use suspendUpdates to pause drawing until axes are available. @ https://cdn.jsdelivr.net/npm/scichart@4.0.933/index.min.js:0
[ 3602424ms] [ERROR] Cannot draw annotations before axes have been configured. Add axes first, or use suspendUpdates to pause drawing until axes are available. @ https://cdn.jsdelivr.net/npm/scichart@4.0.933/index.min.js:0
[ 3602424ms] [ERROR] Cannot draw annotations before axes have been configured. Add axes first, or use suspendUpdates to pause drawing until axes are available. @ https://cdn.jsdelivr.net/npm/scichart@4.0.933/index.min.js:0
[ 3602425ms] [ERROR] Cannot draw annotations before axes have been configured. Add axes first, or use suspendUpdates to pause drawing until axes are available. @ https://cdn.jsdelivr.net/npm/scichart@4.0.933/index.min.js:0
[ 3602425ms] [ERROR] Cannot draw annotations before axes have been configured. Add axes first, or use suspendUpdates to pause drawing until axes are available. @ https://cdn.jsdelivr.net/npm/scichart@4.0.933/index.min.js:0
[ 3602425ms] [ERROR] Cannot draw annotations before axes have been configured. Add axes first, or use suspendUpdates to pause drawing until axes are available. @ https://cdn.jsdelivr.net/npm/scichart@4.0.933/index.min.js:0
[ 3602425ms] [ERROR] Cannot draw annotations before axes have been configured. Add axes first, or use suspendUpdates to pause drawing until axes are available. @ https://cdn.jsdelivr.net/npm/scichart@4.0.933/index.min.js:0
[ 3602426ms] [ERROR] Cannot draw annotations before axes have been configured. Add axes first, or use suspendUpdates to pause drawing until axes are available. @ https://cdn.jsdelivr.net/npm/scichart@4.0.933/index.min.js:0
[ 3602426ms] [ERROR] Cannot draw annotations before axes have been configured. Add axes first, or use suspendUpdates to pause drawing until axes are available. @ https://cdn.jsdelivr.net/npm/scichart@4.0.933/index.min.js:0
[ 3602426ms] [ERROR] Cannot draw annotations before axes have been configured. Add axes first, or use suspendUpdates to pause drawing until axes are available. @ https://cdn.jsdelivr.net/npm/scichart@4.0.933/index.min.js:0
[ 3602426ms] [ERROR] Cannot draw annotations before axes have been configured. Add axes first, or use suspendUpdates to pause drawing until axes are available. @ https://cdn.jsdelivr.net/npm/scichart@4.0.933/index.min.js:0
[ 3602426ms] [ERROR] Cannot draw annotations before axes have been configured. Add axes first, or use suspendUpdates to pause drawing until axes are available. @ https://cdn.jsdelivr.net/npm/scichart@4.0.933/index.min.js:0
[ 3602427ms] [ERROR] Cannot draw annotations before axes have been configured. Add axes first, or use suspendUpdates to pause drawing until axes are available. @ https://cdn.jsdelivr.net/npm/scichart@4.0.933/index.min.js:0
[ 3602427ms] [ERROR] Cannot draw annotations before axes have been configured. Add axes first, or use suspendUpdates to pause drawing until axes are available. @ https://cdn.jsdelivr.net/npm/scichart@4.0.933/index.min.js:0
[ 3602427ms] [ERROR] Cannot draw annotations before axes have been configured. Add axes first, or use suspendUpdates to pause drawing until axes are available. @ https://cdn.jsdelivr.net/npm/scichart@4.0.933/index.min.js:0
[ 3602427ms] [ERROR] Cannot draw annotations before axes have been configured. Add axes first, or use suspendUpdates to pause drawing until axes are available. @ https://cdn.jsdelivr.net/npm/scichart@4.0.933/index.min.js:0
[ 3602427ms] [ERROR] Cannot draw annotations before axes have been configured. Add axes first, or use suspendUpdates to pause drawing until axes are available. @ https://cdn.jsdelivr.net/npm/scichart@4.0.933/index.min.js:0
[ 3602428ms] [ERROR] Cannot draw annotations before axes have been configured. Add axes first, or use suspendUpdates to pause drawing until axes are available. @ https://cdn.jsdelivr.net/npm/scichart@4.0.933/index.min.js:0
[ 3602428ms] [ERROR] Cannot draw annotations before axes have been configured. Add axes first, or use suspendUpdates to pause drawing until axes are available. @ https://cdn.jsdelivr.net/npm/scichart@4.0.933/index.min.js:0
[ 3602428ms] [ERROR] Cannot draw annotations before axes have been configured. Add axes first, or use suspendUpdates to pause drawing until axes are available. @ https://cdn.jsdelivr.net/npm/scichart@4.0.933/index.min.js:0
[ 3602428ms] [ERROR] Cannot draw annotations before axes have been configured. Add axes first, or use suspendUpdates to pause drawing until axes are available. @ https://cdn.jsdelivr.net/npm/scichart@4.0.933/index.min.js:0
[ 3602429ms] [ERROR] Cannot draw annotations before axes have been configured. Add axes first, or use suspendUpdates to pause drawing until axes are available. @ https://cdn.jsdelivr.net/npm/scichart@4.0.933/index.min.js:0
[ 3602457ms] [ERROR] Cannot draw annotations before axes have been configured. Add axes first, or use suspendUpdates to pause drawing until axes are available. @ https://cdn.jsdelivr.net/npm/scichart@4.0.933/index.min.js:0
[ 3602457ms] [ERROR] Cannot draw annotations before axes have been configured. Add axes first, or use suspendUpdates to pause drawing until axes are available. @ https://cdn.jsdelivr.net/npm/scichart@4.0.933/index.min.js:0
[ 3602457ms] [ERROR] Cannot draw annotations before axes have been configured. Add axes first, or use suspendUpdates to pause drawing until axes are available. @ https://cdn.jsdelivr.net/npm/scichart@4.0.933/index.min.js:0
[ 3602458ms] [ERROR] Cannot draw annotations before axes have been configured. Add axes first, or use suspendUpdates to pause drawing until axes are available. @ https://cdn.jsdelivr.net/npm/scichart@4.0.933/index.min.js:0
[ 3602458ms] [ERROR] Cannot draw annotations before axes have been configured. Add axes first, or use suspendUpdates to pause drawing until axes are available. @ https://cdn.jsdelivr.net/npm/scichart@4.0.933/index.min.js:0
[ 3602458ms] [ERROR] Cannot draw annotations before axes have been configured. Add axes first, or use suspendUpdates to pause drawing until axes are available. @ https://cdn.jsdelivr.net/npm/scichart@4.0.933/index.min.js:0
[ 3602458ms] [ERROR] Cannot draw annotations before axes have been configured. Add axes first, or use suspendUpdates to pause drawing until axes are available. @ https://cdn.jsdelivr.net/npm/scichart@4.0.933/index.min.js:0
[ 3602459ms] [ERROR] Cannot draw annotations before axes have been configured. Add axes first, or use suspendUpdates to pause drawing until axes are available. @ https://cdn.jsdelivr.net/npm/scichart@4.0.933/index.min.js:0
[ 3602459ms] [ERROR] Cannot draw annotations before axes have been configured. Add axes first, or use suspendUpdates to pause drawing until axes are available. @ https://cdn.jsdelivr.net/npm/scichart@4.0.933/index.min.js:0
[ 3602459ms] [ERROR] Cannot draw annotations before axes have been configured. Add axes first, or use suspendUpdates to pause drawing until axes are available. @ https://cdn.jsdelivr.net/npm/scichart@4.0.933/index.min.js:0
[ 3602459ms] [ERROR] Cannot draw annotations before axes have been configured. Add axes first, or use suspendUpdates to pause drawing until axes are available. @ https://cdn.jsdelivr.net/npm/scichart@4.0.933/index.min.js:0
[ 3602459ms] [ERROR] Cannot draw annotations before axes have been configured. Add axes first, or use suspendUpdates to pause drawing until axes are available. @ https://cdn.jsdelivr.net/npm/scichart@4.0.933/index.min.js:0
[ 3602460ms] [ERROR] Cannot draw annotations before axes have been configured. Add axes first, or use suspendUpdates to pause drawing until axes are available. @ https://cdn.jsdelivr.net/npm/scichart@4.0.933/index.min.js:0
[ 3602460ms] [ERROR] Cannot draw annotations before axes have been configured. Add axes first, or use suspendUpdates to pause drawing until axes are available. @ https://cdn.jsdelivr.net/npm/scichart@4.0.933/index.min.js:0
[ 3602460ms] [ERROR] Cannot draw annotations before axes have been configured. Add axes first, or use suspendUpdates to pause drawing until axes are available. @ https://cdn.jsdelivr.net/npm/scichart@4.0.933/index.min.js:0
[ 3602460ms] [ERROR] Cannot draw annotations before axes have been configured. Add axes first, or use suspendUpdates to pause drawing until axes are available. @ https://cdn.jsdelivr.net/npm/scichart@4.0.933/index.min.js:0
[ 3602461ms] [ERROR] Cannot draw annotations before axes have been configured. Add axes first, or use suspendUpdates to pause drawing until axes are available. @ https://cdn.jsdelivr.net/npm/scichart@4.0.933/index.min.js:0
[ 3602461ms] [ERROR] Cannot draw annotations before axes have been configured. Add axes first, or use suspendUpdates to pause drawing until axes are available. @ https://cdn.jsdelivr.net/npm/scichart@4.0.933/index.min.js:0
[ 3602461ms] [ERROR] Cannot draw annotations before axes have been configured. Add axes first, or use suspendUpdates to pause drawing until axes are available. @ https://cdn.jsdelivr.net/npm/scichart@4.0.933/index.min.js:0
[ 3602461ms] [ERROR] Cannot draw annotations before axes have been configured. Add axes first, or use suspendUpdates to pause drawing until axes are available. @ https://cdn.jsdelivr.net/npm/scichart@4.0.933/index.min.js:0
[ 3602461ms] [ERROR] Cannot draw annotations before axes have been configured. Add axes first, or use suspendUpdates to pause drawing until axes are available. @ https://cdn.jsdelivr.net/npm/scichart@4.0.933/index.min.js:0
[ 3602462ms] [ERROR] Cannot draw annotations before axes have been configured. Add axes first, or use suspendUpdates to pause drawing until axes are available. @ https://cdn.jsdelivr.net/npm/scichart@4.0.933/index.min.js:0
[ 3602462ms] [ERROR] Cannot draw annotations before axes have been configured. Add axes first, or use suspendUpdates to pause drawing until axes are available. @ https://cdn.jsdelivr.net/npm/scichart@4.0.933/index.min.js:0
[ 3602462ms] [ERROR] Cannot draw annotations before axes have been configured. Add axes first, or use suspendUpdates to pause drawing until axes are available. @ https://cdn.jsdelivr.net/npm/scichart@4.0.933/index.min.js:0
[ 3602462ms] [ERROR] Cannot draw annotations before axes have been configured. Add axes first, or use suspendUpdates to pause drawing until axes are available. @ https://cdn.jsdelivr.net/npm/scichart@4.0.933/index.min.js:0
[ 3602462ms] [ERROR] Cannot draw annotations before axes have been configured. Add axes first, or use suspendUpdates to pause drawing until axes are available. @ https://cdn.jsdelivr.net/npm/scichart@4.0.933/index.min.js:0
[ 3602463ms] [ERROR] Cannot draw annotations before axes have been configured. Add axes first, or use suspendUpdates to pause drawing until axes are available. @ https://cdn.jsdelivr.net/npm/scichart@4.0.933/index.min.js:0
[ 3602463ms] [ERROR] Cannot draw annotations before axes have been configured. Add axes first, or use suspendUpdates to pause drawing until axes are available. @ https://cdn.jsdelivr.net/npm/scichart@4.0.933/index.min.js:0
[ 3602463ms] [ERROR] Cannot draw annotations before axes have been configured. Add axes first, or use suspendUpdates to pause drawing until axes are available. @ https://cdn.jsdelivr.net/npm/scichart@4.0.933/index.min.js:0
[ 3602463ms] [ERROR] Cannot draw annotations before axes have been configured. Add axes first, or use suspendUpdates to pause drawing until axes are available. @ https://cdn.jsdelivr.net/npm/scichart@4.0.933/index.min.js:0
[ 3602464ms] [ERROR] Cannot draw annotations before axes have been configured. Add axes first, or use suspendUpdates to pause drawing until axes are available. @ https://cdn.jsdelivr.net/npm/scichart@4.0.933/index.min.js:0
[ 3602464ms] [ERROR] Cannot draw annotations before axes have been configured. Add axes first, or use suspendUpdates to pause drawing until axes are available. @ https://cdn.jsdelivr.net/npm/scichart@4.0.933/index.min.js:0
[ 3608195ms] [ERROR] Cannot draw annotations before axes have been configured. Add axes first, or use suspendUpdates to pause drawing until axes are available. @ https://cdn.jsdelivr.net/npm/scichart@4.0.933/index.min.js:0
[ 3608197ms] [ERROR] Cannot draw annotations before axes have been configured. Add axes first, or use suspendUpdates to pause drawing until axes are available. @ https://cdn.jsdelivr.net/npm/scichart@4.0.933/index.min.js:0
[ 3608197ms] [ERROR] Cannot draw annotations before axes have been configured. Add axes first, or use suspendUpdates to pause drawing until axes are available. @ https://cdn.jsdelivr.net/npm/scichart@4.0.933/index.min.js:0
[ 3608198ms] [ERROR] Cannot draw annotations before axes have been configured. Add axes first, or use suspendUpdates to pause drawing until axes are available. @ https://cdn.jsdelivr.net/npm/scichart@4.0.933/index.min.js:0
[ 3608199ms] [ERROR] Cannot draw annotations before axes have been configured. Add axes first, or use suspendUpdates to pause drawing until axes are available. @ https://cdn.jsdelivr.net/npm/scichart@4.0.933/index.min.js:0
[ 3608199ms] [ERROR] Cannot draw annotations before axes have been configured. Add axes first, or use suspendUpdates to pause drawing until axes are available. @ https://cdn.jsdelivr.net/npm/scichart@4.0.933/index.min.js:0
[ 3608199ms] [ERROR] Cannot draw annotations before axes have been configured. Add axes first, or use suspendUpdates to pause drawing until axes are available. @ https://cdn.jsdelivr.net/npm/scichart@4.0.933/index.min.js:0
[ 3608199ms] [ERROR] Cannot draw annotations before axes have been configured. Add axes first, or use suspendUpdates to pause drawing until axes are available. @ https://cdn.jsdelivr.net/npm/scichart@4.0.933/index.min.js:0
[ 3608200ms] [ERROR] Cannot draw annotations before axes have been configured. Add axes first, or use suspendUpdates to pause drawing until axes are available. @ https://cdn.jsdelivr.net/npm/scichart@4.0.933/index.min.js:0
[ 3608200ms] [ERROR] Cannot draw annotations before axes have been configured. Add axes first, or use suspendUpdates to pause drawing until axes are available. @ https://cdn.jsdelivr.net/npm/scichart@4.0.933/index.min.js:0
[ 3608200ms] [ERROR] Cannot draw annotations before axes have been configured. Add axes first, or use suspendUpdates to pause drawing until axes are available. @ https://cdn.jsdelivr.net/npm/scichart@4.0.933/index.min.js:0
[ 3608200ms] [ERROR] Cannot draw annotations before axes have been configured. Add axes first, or use suspendUpdates to pause drawing until axes are available. @ https://cdn.jsdelivr.net/npm/scichart@4.0.933/index.min.js:0
[ 3608201ms] [ERROR] Cannot draw annotations before axes have been configured. Add axes first, or use suspendUpdates to pause drawing until axes are available. @ https://cdn.jsdelivr.net/npm/scichart@4.0.933/index.min.js:0
[ 3608201ms] [ERROR] Cannot draw annotations before axes have been configured. Add axes first, or use suspendUpdates to pause drawing until axes are available. @ https://cdn.jsdelivr.net/npm/scichart@4.0.933/index.min.js:0
[ 3608201ms] [ERROR] Cannot draw annotations before axes have been configured. Add axes first, or use suspendUpdates to pause drawing until axes are available. @ https://cdn.jsdelivr.net/npm/scichart@4.0.933/index.min.js:0
[ 3608201ms] [ERROR] Cannot draw annotations before axes have been configured. Add axes first, or use suspendUpdates to pause drawing until axes are available. @ https://cdn.jsdelivr.net/npm/scichart@4.0.933/index.min.js:0
[ 3608202ms] [ERROR] Cannot draw annotations before axes have been configured. Add axes first, or use suspendUpdates to pause drawing until axes are available. @ https://cdn.jsdelivr.net/npm/scichart@4.0.933/index.min.js:0
[ 3608202ms] [ERROR] Cannot draw annotations before axes have been configured. Add axes first, or use suspendUpdates to pause drawing until axes are available. @ https://cdn.jsdelivr.net/npm/scichart@4.0.933/index.min.js:0
[ 3608203ms] [ERROR] Cannot draw annotations before axes have been configured. Add axes first, or use suspendUpdates to pause drawing until axes are available. @ https://cdn.jsdelivr.net/npm/scichart@4.0.933/index.min.js:0
[ 3608203ms] [ERROR] Cannot draw annotations before axes have been configured. Add axes first, or use suspendUpdates to pause drawing until axes are available. @ https://cdn.jsdelivr.net/npm/scichart@4.0.933/index.min.js:0
[ 3608203ms] [ERROR] Cannot draw annotations before axes have been configured. Add axes first, or use suspendUpdates to pause drawing until axes are available. @ https://cdn.jsdelivr.net/npm/scichart@4.0.933/index.min.js:0
[ 3608203ms] [ERROR] Cannot draw annotations before axes have been configured. Add axes first, or use suspendUpdates to pause drawing until axes are available. @ https://cdn.jsdelivr.net/npm/scichart@4.0.933/index.min.js:0
[ 3608203ms] [ERROR] Cannot draw annotations before axes have been configured. Add axes first, or use suspendUpdates to pause drawing until axes are available. @ https://cdn.jsdelivr.net/npm/scichart@4.0.933/index.min.js:0
[ 3608204ms] [ERROR] Cannot draw annotations before axes have been configured. Add axes first, or use suspendUpdates to pause drawing until axes are available. @ https://cdn.jsdelivr.net/npm/scichart@4.0.933/index.min.js:0
[ 3608204ms] [ERROR] Cannot draw annotations before axes have been configured. Add axes first, or use suspendUpdates to pause drawing until axes are available. @ https://cdn.jsdelivr.net/npm/scichart@4.0.933/index.min.js:0
[ 3608204ms] [ERROR] Cannot draw annotations before axes have been configured. Add axes first, or use suspendUpdates to pause drawing until axes are available. @ https://cdn.jsdelivr.net/npm/scichart@4.0.933/index.min.js:0
[ 3608204ms] [ERROR] Cannot draw annotations before axes have been configured. Add axes first, or use suspendUpdates to pause drawing until axes are available. @ https://cdn.jsdelivr.net/npm/scichart@4.0.933/index.min.js:0
[ 3608204ms] [ERROR] Cannot draw annotations before axes have been configured. Add axes first, or use suspendUpdates to pause drawing until axes are available. @ https://cdn.jsdelivr.net/npm/scichart@4.0.933/index.min.js:0
[ 3608205ms] [ERROR] Cannot draw annotations before axes have been configured. Add axes first, or use suspendUpdates to pause drawing until axes are available. @ https://cdn.jsdelivr.net/npm/scichart@4.0.933/index.min.js:0
[ 3608205ms] [ERROR] Cannot draw annotations before axes have been configured. Add axes first, or use suspendUpdates to pause drawing until axes are available. @ https://cdn.jsdelivr.net/npm/scichart@4.0.933/index.min.js:0
[ 3608205ms] [ERROR] Cannot draw annotations before axes have been configured. Add axes first, or use suspendUpdates to pause drawing until axes are available. @ https://cdn.jsdelivr.net/npm/scichart@4.0.933/index.min.js:0
[ 3608206ms] [ERROR] Cannot draw annotations before axes have been configured. Add axes first, or use suspendUpdates to pause drawing until axes are available. @ https://cdn.jsdelivr.net/npm/scichart@4.0.933/index.min.js:0
[ 3608207ms] [ERROR] Cannot draw annotations before axes have been configured. Add axes first, or use suspendUpdates to pause drawing until axes are available. @ https://cdn.jsdelivr.net/npm/scichart@4.0.933/index.min.js:0
[ 3608338ms] [ERROR] Cannot draw annotations before axes have been configured. Add axes first, or use suspendUpdates to pause drawing until axes are available. @ https://cdn.jsdelivr.net/npm/scichart@4.0.933/index.min.js:0
[ 3608338ms] [ERROR] Cannot draw annotations before axes have been configured. Add axes first, or use suspendUpdates to pause drawing until axes are available. @ https://cdn.jsdelivr.net/npm/scichart@4.0.933/index.min.js:0
[ 3608339ms] [ERROR] Cannot draw annotations before axes have been configured. Add axes first, or use suspendUpdates to pause drawing until axes are available. @ https://cdn.jsdelivr.net/npm/scichart@4.0.933/index.min.js:0
[ 3608339ms] [ERROR] Cannot draw annotations before axes have been configured. Add axes first, or use suspendUpdates to pause drawing until axes are available. @ https://cdn.jsdelivr.net/npm/scichart@4.0.933/index.min.js:0
[ 3608339ms] [ERROR] Cannot draw annotations before axes have been configured. Add axes first, or use suspendUpdates to pause drawing until axes are available. @ https://cdn.jsdelivr.net/npm/scichart@4.0.933/index.min.js:0
[ 3608339ms] [ERROR] Cannot draw annotations before axes have been configured. Add axes first, or use suspendUpdates to pause drawing until axes are available. @ https://cdn.jsdelivr.net/npm/scichart@4.0.933/index.min.js:0
[ 3608340ms] [ERROR] Cannot draw annotations before axes have been configured. Add axes first, or use suspendUpdates to pause drawing until axes are available. @ https://cdn.jsdelivr.net/npm/scichart@4.0.933/index.min.js:0
[ 3608340ms] [ERROR] Cannot draw annotations before axes have been configured. Add axes first, or use suspendUpdates to pause drawing until axes are available. @ https://cdn.jsdelivr.net/npm/scichart@4.0.933/index.min.js:0
[ 3608340ms] [ERROR] Cannot draw annotations before axes have been configured. Add axes first, or use suspendUpdates to pause drawing until axes are available. @ https://cdn.jsdelivr.net/npm/scichart@4.0.933/index.min.js:0
[ 3608340ms] [ERROR] Cannot draw annotations before axes have been configured. Add axes first, or use suspendUpdates to pause drawing until axes are available. @ https://cdn.jsdelivr.net/npm/scichart@4.0.933/index.min.js:0
[ 3608340ms] [ERROR] Cannot draw annotations before axes have been configured. Add axes first, or use suspendUpdates to pause drawing until axes are available. @ https://cdn.jsdelivr.net/npm/scichart@4.0.933/index.min.js:0
[ 3608341ms] [ERROR] Cannot draw annotations before axes have been configured. Add axes first, or use suspendUpdates to pause drawing until axes are available. @ https://cdn.jsdelivr.net/npm/scichart@4.0.933/index.min.js:0
[ 3608341ms] [ERROR] Cannot draw annotations before axes have been configured. Add axes first, or use suspendUpdates to pause drawing until axes are available. @ https://cdn.jsdelivr.net/npm/scichart@4.0.933/index.min.js:0
[ 3608341ms] [ERROR] Cannot draw annotations before axes have been configured. Add axes first, or use suspendUpdates to pause drawing until axes are available. @ https://cdn.jsdelivr.net/npm/scichart@4.0.933/index.min.js:0
[ 3608341ms] [ERROR] Cannot draw annotations before axes have been configured. Add axes first, or use suspendUpdates to pause drawing until axes are available. @ https://cdn.jsdelivr.net/npm/scichart@4.0.933/index.min.js:0
[ 3608341ms] [ERROR] Cannot draw annotations before axes have been configured. Add axes first, or use suspendUpdates to pause drawing until axes are available. @ https://cdn.jsdelivr.net/npm/scichart@4.0.933/index.min.js:0
[ 3608342ms] [ERROR] Cannot draw annotations before axes have been configured. Add axes first, or use suspendUpdates to pause drawing until axes are available. @ https://cdn.jsdelivr.net/npm/scichart@4.0.933/index.min.js:0
[ 3608342ms] [ERROR] Cannot draw annotations before axes have been configured. Add axes first, or use suspendUpdates to pause drawing until axes are available. @ https://cdn.jsdelivr.net/npm/scichart@4.0.933/index.min.js:0
[ 3608342ms] [ERROR] Cannot draw annotations before axes have been configured. Add axes first, or use suspendUpdates to pause drawing until axes are available. @ https://cdn.jsdelivr.net/npm/scichart@4.0.933/index.min.js:0
[ 3608342ms] [ERROR] Cannot draw annotations before axes have been configured. Add axes first, or use suspendUpdates to pause drawing until axes are available. @ https://cdn.jsdelivr.net/npm/scichart@4.0.933/index.min.js:0
[ 3608343ms] [ERROR] Cannot draw annotations before axes have been configured. Add axes first, or use suspendUpdates to pause drawing until axes are available. @ https://cdn.jsdelivr.net/npm/scichart@4.0.933/index.min.js:0
[ 3608343ms] [ERROR] Cannot draw annotations before axes have been configured. Add axes first, or use suspendUpdates to pause drawing until axes are available. @ https://cdn.jsdelivr.net/npm/scichart@4.0.933/index.min.js:0
[ 3608343ms] [ERROR] Cannot draw annotations before axes have been configured. Add axes first, or use suspendUpdates to pause drawing until axes are available. @ https://cdn.jsdelivr.net/npm/scichart@4.0.933/index.min.js:0
[ 3608343ms] [ERROR] Cannot draw annotations before axes have been configured. Add axes first, or use suspendUpdates to pause drawing until axes are available. @ https://cdn.jsdelivr.net/npm/scichart@4.0.933/index.min.js:0
[ 3608343ms] [ERROR] Cannot draw annotations before axes have been configured. Add axes first, or use suspendUpdates to pause drawing until axes are available. @ https://cdn.jsdelivr.net/npm/scichart@4.0.933/index.min.js:0
[ 3608344ms] [ERROR] Cannot draw annotations before axes have been configured. Add axes first, or use suspendUpdates to pause drawing until axes are available. @ https://cdn.jsdelivr.net/npm/scichart@4.0.933/index.min.js:0
[ 3608344ms] [ERROR] Cannot draw annotations before axes have been configured. Add axes first, or use suspendUpdates to pause drawing until axes are available. @ https://cdn.jsdelivr.net/npm/scichart@4.0.933/index.min.js:0
[ 3608344ms] [ERROR] Cannot draw annotations before axes have been configured. Add axes first, or use suspendUpdates to pause drawing until axes are available. @ https://cdn.jsdelivr.net/npm/scichart@4.0.933/index.min.js:0
[ 3608344ms] [ERROR] Cannot draw annotations before axes have been configured. Add axes first, or use suspendUpdates to pause drawing until axes are available. @ https://cdn.jsdelivr.net/npm/scichart@4.0.933/index.min.js:0
[ 3608344ms] [ERROR] Cannot draw annotations before axes have been configured. Add axes first, or use suspendUpdates to pause drawing until axes are available. @ https://cdn.jsdelivr.net/npm/scichart@4.0.933/index.min.js:0
[ 3608345ms] [ERROR] Cannot draw annotations before axes have been configured. Add axes first, or use suspendUpdates to pause drawing until axes are available. @ https://cdn.jsdelivr.net/npm/scichart@4.0.933/index.min.js:0
[ 3608345ms] [ERROR] Cannot draw annotations before axes have been configured. Add axes first, or use suspendUpdates to pause drawing until axes are available. @ https://cdn.jsdelivr.net/npm/scichart@4.0.933/index.min.js:0
[ 3608345ms] [ERROR] Cannot draw annotations before axes have been configured. Add axes first, or use suspendUpdates to pause drawing until axes are available. @ https://cdn.jsdelivr.net/npm/scichart@4.0.933/index.min.js:0
[ 3608345ms] [ERROR] Cannot draw annotations before axes have been configured. Add axes first, or use suspendUpdates to pause drawing until axes are available. @ https://cdn.jsdelivr.net/npm/scichart@4.0.933/index.min.js:0
[ 3608374ms] [ERROR] Cannot draw annotations before axes have been configured. Add axes first, or use suspendUpdates to pause drawing until axes are available. @ https://cdn.jsdelivr.net/npm/scichart@4.0.933/index.min.js:0
[ 3608374ms] [ERROR] Cannot draw annotations before axes have been configured. Add axes first, or use suspendUpdates to pause drawing until axes are available. @ https://cdn.jsdelivr.net/npm/scichart@4.0.933/index.min.js:0
[ 3608374ms] [ERROR] Cannot draw annotations before axes have been configured. Add axes first, or use suspendUpdates to pause drawing until axes are available. @ https://cdn.jsdelivr.net/npm/scichart@4.0.933/index.min.js:0
[ 3608374ms] [ERROR] Cannot draw annotations before axes have been configured. Add axes first, or use suspendUpdates to pause drawing until axes are available. @ https://cdn.jsdelivr.net/npm/scichart@4.0.933/index.min.js:0
[ 3608375ms] [ERROR] Cannot draw annotations before axes have been configured. Add axes first, or use suspendUpdates to pause drawing until axes are available. @ https://cdn.jsdelivr.net/npm/scichart@4.0.933/index.min.js:0
[ 3608375ms] [ERROR] Cannot draw annotations before axes have been configured. Add axes first, or use suspendUpdates to pause drawing until axes are available. @ https://cdn.jsdelivr.net/npm/scichart@4.0.933/index.min.js:0
[ 3608375ms] [ERROR] Cannot draw annotations before axes have been configured. Add axes first, or use suspendUpdates to pause drawing until axes are available. @ https://cdn.jsdelivr.net/npm/scichart@4.0.933/index.min.js:0
[ 3608375ms] [ERROR] Cannot draw annotations before axes have been configured. Add axes first, or use suspendUpdates to pause drawing until axes are available. @ https://cdn.jsdelivr.net/npm/scichart@4.0.933/index.min.js:0
[ 3608376ms] [ERROR] Cannot draw annotations before axes have been configured. Add axes first, or use suspendUpdates to pause drawing until axes are available. @ https://cdn.jsdelivr.net/npm/scichart@4.0.933/index.min.js:0
[ 3608376ms] [ERROR] Cannot draw annotations before axes have been configured. Add axes first, or use suspendUpdates to pause drawing until axes are available. @ https://cdn.jsdelivr.net/npm/scichart@4.0.933/index.min.js:0
[ 3608376ms] [ERROR] Cannot draw annotations before axes have been configured. Add axes first, or use suspendUpdates to pause drawing until axes are available. @ https://cdn.jsdelivr.net/npm/scichart@4.0.933/index.min.js:0
[ 3608376ms] [ERROR] Cannot draw annotations before axes have been configured. Add axes first, or use suspendUpdates to pause drawing until axes are available. @ https://cdn.jsdelivr.net/npm/scichart@4.0.933/index.min.js:0
[ 3608377ms] [ERROR] Cannot draw annotations before axes have been configured. Add axes first, or use suspendUpdates to pause drawing until axes are available. @ https://cdn.jsdelivr.net/npm/scichart@4.0.933/index.min.js:0
[ 3608377ms] [ERROR] Cannot draw annotations before axes have been configured. Add axes first, or use suspendUpdates to pause drawing until axes are available. @ https://cdn.jsdelivr.net/npm/scichart@4.0.933/index.min.js:0
[ 3608378ms] [ERROR] Cannot draw annotations before axes have been configured. Add axes first, or use suspendUpdates to pause drawing until axes are available. @ https://cdn.jsdelivr.net/npm/scichart@4.0.933/index.min.js:0
[ 3608378ms] [ERROR] Cannot draw annotations before axes have been configured. Add axes first, or use suspendUpdates to pause drawing until axes are available. @ https://cdn.jsdelivr.net/npm/scichart@4.0.933/index.min.js:0
[ 3608378ms] [ERROR] Cannot draw annotations before axes have been configured. Add axes first, or use suspendUpdates to pause drawing until axes are available. @ https://cdn.jsdelivr.net/npm/scichart@4.0.933/index.min.js:0
[ 3608378ms] [ERROR] Cannot draw annotations before axes have been configured. Add axes first, or use suspendUpdates to pause drawing until axes are available. @ https://cdn.jsdelivr.net/npm/scichart@4.0.933/index.min.js:0
[ 3608379ms] [ERROR] Cannot draw annotations before axes have been configured. Add axes first, or use suspendUpdates to pause drawing until axes are available. @ https://cdn.jsdelivr.net/npm/scichart@4.0.933/index.min.js:0
[ 3608379ms] [ERROR] Cannot draw annotations before axes have been configured. Add axes first, or use suspendUpdates to pause drawing until axes are available. @ https://cdn.jsdelivr.net/npm/scichart@4.0.933/index.min.js:0
[ 3608379ms] [ERROR] Cannot draw annotations before axes have been configured. Add axes first, or use suspendUpdates to pause drawing until axes are available. @ https://cdn.jsdelivr.net/npm/scichart@4.0.933/index.min.js:0
[ 3608379ms] [ERROR] Cannot draw annotations before axes have been configured. Add axes first, or use suspendUpdates to pause drawing until axes are available. @ https://cdn.jsdelivr.net/npm/scichart@4.0.933/index.min.js:0
[ 3608380ms] [ERROR] Cannot draw annotations before axes have been configured. Add axes first, or use suspendUpdates to pause drawing until axes are available. @ https://cdn.jsdelivr.net/npm/scichart@4.0.933/index.min.js:0
[ 3608380ms] [ERROR] Cannot draw annotations before axes have been configured. Add axes first, or use suspendUpdates to pause drawing until axes are available. @ https://cdn.jsdelivr.net/npm/scichart@4.0.933/index.min.js:0
[ 3608380ms] [ERROR] Cannot draw annotations before axes have been configured. Add axes first, or use suspendUpdates to pause drawing until axes are available. @ https://cdn.jsdelivr.net/npm/scichart@4.0.933/index.min.js:0
[ 3608380ms] [ERROR] Cannot draw annotations before axes have been configured. Add axes first, or use suspendUpdates to pause drawing until axes are available. @ https://cdn.jsdelivr.net/npm/scichart@4.0.933/index.min.js:0
[ 3608380ms] [ERROR] Cannot draw annotations before axes have been configured. Add axes first, or use suspendUpdates to pause drawing until axes are available. @ https://cdn.jsdelivr.net/npm/scichart@4.0.933/index.min.js:0
[ 3608381ms] [ERROR] Cannot draw annotations before axes have been configured. Add axes first, or use suspendUpdates to pause drawing until axes are available. @ https://cdn.jsdelivr.net/npm/scichart@4.0.933/index.min.js:0
[ 3608381ms] [ERROR] Cannot draw annotations before axes have been configured. Add axes first, or use suspendUpdates to pause drawing until axes are available. @ https://cdn.jsdelivr.net/npm/scichart@4.0.933/index.min.js:0
[ 3608381ms] [ERROR] Cannot draw annotations before axes have been configured. Add axes first, or use suspendUpdates to pause drawing until axes are available. @ https://cdn.jsdelivr.net/npm/scichart@4.0.933/index.min.js:0
[ 3608381ms] [ERROR] Cannot draw annotations before axes have been configured. Add axes first, or use suspendUpdates to pause drawing until axes are available. @ https://cdn.jsdelivr.net/npm/scichart@4.0.933/index.min.js:0
[ 3608382ms] [ERROR] Cannot draw annotations before axes have been configured. Add axes first, or use suspendUpdates to pause drawing until axes are available. @ https://cdn.jsdelivr.net/npm/scichart@4.0.933/index.min.js:0
[ 3608382ms] [ERROR] Cannot draw annotations before axes have been configured. Add axes first, or use suspendUpdates to pause drawing until axes are available. @ https://cdn.jsdelivr.net/npm/scichart@4.0.933/index.min.js:0
[ 3608382ms] [ERROR] Cannot draw annotations before axes have been configured. Add axes first, or use suspendUpdates to pause drawing until axes are available. @ https://cdn.jsdelivr.net/npm/scichart@4.0.933/index.min.js:0
[ 3608382ms] [ERROR] Cannot draw annotations before axes have been configured. Add axes first, or use suspendUpdates to pause drawing until axes are available. @ https://cdn.jsdelivr.net/npm/scichart@4.0.933/index.min.js:0
[ 3608383ms] [ERROR] Cannot draw annotations before axes have been configured. Add axes first, or use suspendUpdates to pause drawing until axes are available. @ https://cdn.jsdelivr.net/npm/scichart@4.0.933/index.min.js:0
[ 3614488ms] [ERROR] Cannot draw annotations before axes have been configured. Add axes first, or use suspendUpdates to pause drawing until axes are available. @ https://cdn.jsdelivr.net/npm/scichart@4.0.933/index.min.js:0
[ 3614488ms] [ERROR] Cannot draw annotations before axes have been configured. Add axes first, or use suspendUpdates to pause drawing until axes are available. @ https://cdn.jsdelivr.net/npm/scichart@4.0.933/index.min.js:0
[ 3614489ms] [ERROR] Cannot draw annotations before axes have been configured. Add axes first, or use suspendUpdates to pause drawing until axes are available. @ https://cdn.jsdelivr.net/npm/scichart@4.0.933/index.min.js:0
[ 3614489ms] [ERROR] Cannot draw annotations before axes have been configured. Add axes first, or use suspendUpdates to pause drawing until axes are available. @ https://cdn.jsdelivr.net/npm/scichart@4.0.933/index.min.js:0
[ 3614490ms] [ERROR] Cannot draw annotations before axes have been configured. Add axes first, or use suspendUpdates to pause drawing until axes are available. @ https://cdn.jsdelivr.net/npm/scichart@4.0.933/index.min.js:0
[ 3614490ms] [ERROR] Cannot draw annotations before axes have been configured. Add axes first, or use suspendUpdates to pause drawing until axes are available. @ https://cdn.jsdelivr.net/npm/scichart@4.0.933/index.min.js:0
[ 3614490ms] [ERROR] Cannot draw annotations before axes have been configured. Add axes first, or use suspendUpdates to pause drawing until axes are available. @ https://cdn.jsdelivr.net/npm/scichart@4.0.933/index.min.js:0
[ 3614491ms] [ERROR] Cannot draw annotations before axes have been configured. Add axes first, or use suspendUpdates to pause drawing until axes are available. @ https://cdn.jsdelivr.net/npm/scichart@4.0.933/index.min.js:0
[ 3614491ms] [ERROR] Cannot draw annotations before axes have been configured. Add axes first, or use suspendUpdates to pause drawing until axes are available. @ https://cdn.jsdelivr.net/npm/scichart@4.0.933/index.min.js:0
[ 3614491ms] [ERROR] Cannot draw annotations before axes have been configured. Add axes first, or use suspendUpdates to pause drawing until axes are available. @ https://cdn.jsdelivr.net/npm/scichart@4.0.933/index.min.js:0
[ 3614491ms] [ERROR] Cannot draw annotations before axes have been configured. Add axes first, or use suspendUpdates to pause drawing until axes are available. @ https://cdn.jsdelivr.net/npm/scichart@4.0.933/index.min.js:0
[ 3614492ms] [ERROR] Cannot draw annotations before axes have been configured. Add axes first, or use suspendUpdates to pause drawing until axes are available. @ https://cdn.jsdelivr.net/npm/scichart@4.0.933/index.min.js:0
[ 3614492ms] [ERROR] Cannot draw annotations before axes have been configured. Add axes first, or use suspendUpdates to pause drawing until axes are available. @ https://cdn.jsdelivr.net/npm/scichart@4.0.933/index.min.js:0
[ 3614492ms] [ERROR] Cannot draw annotations before axes have been configured. Add axes first, or use suspendUpdates to pause drawing until axes are available. @ https://cdn.jsdelivr.net/npm/scichart@4.0.933/index.min.js:0
[ 3614492ms] [ERROR] Cannot draw annotations before axes have been configured. Add axes first, or use suspendUpdates to pause drawing until axes are available. @ https://cdn.jsdelivr.net/npm/scichart@4.0.933/index.min.js:0
[ 3614492ms] [ERROR] Cannot draw annotations before axes have been configured. Add axes first, or use suspendUpdates to pause drawing until axes are available. @ https://cdn.jsdelivr.net/npm/scichart@4.0.933/index.min.js:0
[ 3614493ms] [ERROR] Cannot draw annotations before axes have been configured. Add axes first, or use suspendUpdates to pause drawing until axes are available. @ https://cdn.jsdelivr.net/npm/scichart@4.0.933/index.min.js:0
[ 3614493ms] [ERROR] Cannot draw annotations before axes have been configured. Add axes first, or use suspendUpdates to pause drawing until axes are available. @ https://cdn.jsdelivr.net/npm/scichart@4.0.933/index.min.js:0
[ 3614495ms] [ERROR] Cannot draw annotations before axes have been configured. Add axes first, or use suspendUpdates to pause drawing until axes are available. @ https://cdn.jsdelivr.net/npm/scichart@4.0.933/index.min.js:0
[ 3614495ms] [ERROR] Cannot draw annotations before axes have been configured. Add axes first, or use suspendUpdates to pause drawing until axes are available. @ https://cdn.jsdelivr.net/npm/scichart@4.0.933/index.min.js:0
[ 3614496ms] [ERROR] Cannot draw annotations before axes have been configured. Add axes first, or use suspendUpdates to pause drawing until axes are available. @ https://cdn.jsdelivr.net/npm/scichart@4.0.933/index.min.js:0
[ 3614496ms] [ERROR] Cannot draw annotations before axes have been configured. Add axes first, or use suspendUpdates to pause drawing until axes are available. @ https://cdn.jsdelivr.net/npm/scichart@4.0.933/index.min.js:0
[ 3614496ms] [ERROR] Cannot draw annotations before axes have been configured. Add axes first, or use suspendUpdates to pause drawing until axes are available. @ https://cdn.jsdelivr.net/npm/scichart@4.0.933/index.min.js:0
[ 3614496ms] [ERROR] Cannot draw annotations before axes have been configured. Add axes first, or use suspendUpdates to pause drawing until axes are available. @ https://cdn.jsdelivr.net/npm/scichart@4.0.933/index.min.js:0
[ 3614497ms] [ERROR] Cannot draw annotations before axes have been configured. Add axes first, or use suspendUpdates to pause drawing until axes are available. @ https://cdn.jsdelivr.net/npm/scichart@4.0.933/index.min.js:0
[ 3614497ms] [ERROR] Cannot draw annotations before axes have been configured. Add axes first, or use suspendUpdates to pause drawing until axes are available. @ https://cdn.jsdelivr.net/npm/scichart@4.0.933/index.min.js:0
[ 3614497ms] [ERROR] Cannot draw annotations before axes have been configured. Add axes first, or use suspendUpdates to pause drawing until axes are available. @ https://cdn.jsdelivr.net/npm/scichart@4.0.933/index.min.js:0
[ 3614497ms] [ERROR] Cannot draw annotations before axes have been configured. Add axes first, or use suspendUpdates to pause drawing until axes are available. @ https://cdn.jsdelivr.net/npm/scichart@4.0.933/index.min.js:0
[ 3614498ms] [ERROR] Cannot draw annotations before axes have been configured. Add axes first, or use suspendUpdates to pause drawing until axes are available. @ https://cdn.jsdelivr.net/npm/scichart@4.0.933/index.min.js:0
[ 3614498ms] [ERROR] Cannot draw annotations before axes have been configured. Add axes first, or use suspendUpdates to pause drawing until axes are available. @ https://cdn.jsdelivr.net/npm/scichart@4.0.933/index.min.js:0
[ 3614498ms] [ERROR] Cannot draw annotations before axes have been configured. Add axes first, or use suspendUpdates to pause drawing until axes are available. @ https://cdn.jsdelivr.net/npm/scichart@4.0.933/index.min.js:0
[ 3614498ms] [ERROR] Cannot draw annotations before axes have been configured. Add axes first, or use suspendUpdates to pause drawing until axes are available. @ https://cdn.jsdelivr.net/npm/scichart@4.0.933/index.min.js:0
[ 3614498ms] [ERROR] Cannot draw annotations before axes have been configured. Add axes first, or use suspendUpdates to pause drawing until axes are available. @ https://cdn.jsdelivr.net/npm/scichart@4.0.933/index.min.js:0
[ 3614499ms] [ERROR] Cannot draw annotations before axes have been configured. Add axes first, or use suspendUpdates to pause drawing until axes are available. @ https://cdn.jsdelivr.net/npm/scichart@4.0.933/index.min.js:0
[ 3614499ms] [ERROR] Cannot draw annotations before axes have been configured. Add axes first, or use suspendUpdates to pause drawing until axes are available. @ https://cdn.jsdelivr.net/npm/scichart@4.0.933/index.min.js:0
[ 3614499ms] [ERROR] Cannot draw annotations before axes have been configured. Add axes first, or use suspendUpdates to pause drawing until axes are available. @ https://cdn.jsdelivr.net/npm/scichart@4.0.933/index.min.js:0
[ 3614499ms] [ERROR] Cannot draw annotations before axes have been configured. Add axes first, or use suspendUpdates to pause drawing until axes are available. @ https://cdn.jsdelivr.net/npm/scichart@4.0.933/index.min.js:0
[ 3614672ms] [ERROR] Cannot draw annotations before axes have been configured. Add axes first, or use suspendUpdates to pause drawing until axes are available. @ https://cdn.jsdelivr.net/npm/scichart@4.0.933/index.min.js:0
[ 3614672ms] [ERROR] Cannot draw annotations before axes have been configured. Add axes first, or use suspendUpdates to pause drawing until axes are available. @ https://cdn.jsdelivr.net/npm/scichart@4.0.933/index.min.js:0
[ 3614672ms] [ERROR] Cannot draw annotations before axes have been configured. Add axes first, or use suspendUpdates to pause drawing until axes are available. @ https://cdn.jsdelivr.net/npm/scichart@4.0.933/index.min.js:0
[ 3614672ms] [ERROR] Cannot draw annotations before axes have been configured. Add axes first, or use suspendUpdates to pause drawing until axes are available. @ https://cdn.jsdelivr.net/npm/scichart@4.0.933/index.min.js:0
[ 3614673ms] [ERROR] Cannot draw annotations before axes have been configured. Add axes first, or use suspendUpdates to pause drawing until axes are available. @ https://cdn.jsdelivr.net/npm/scichart@4.0.933/index.min.js:0
[ 3614673ms] [ERROR] Cannot draw annotations before axes have been configured. Add axes first, or use suspendUpdates to pause drawing until axes are available. @ https://cdn.jsdelivr.net/npm/scichart@4.0.933/index.min.js:0
[ 3614673ms] [ERROR] Cannot draw annotations before axes have been configured. Add axes first, or use suspendUpdates to pause drawing until axes are available. @ https://cdn.jsdelivr.net/npm/scichart@4.0.933/index.min.js:0
[ 3614673ms] [ERROR] Cannot draw annotations before axes have been configured. Add axes first, or use suspendUpdates to pause drawing until axes are available. @ https://cdn.jsdelivr.net/npm/scichart@4.0.933/index.min.js:0
[ 3614674ms] [ERROR] Cannot draw annotations before axes have been configured. Add axes first, or use suspendUpdates to pause drawing until axes are available. @ https://cdn.jsdelivr.net/npm/scichart@4.0.933/index.min.js:0
[ 3614674ms] [ERROR] Cannot draw annotations before axes have been configured. Add axes first, or use suspendUpdates to pause drawing until axes are available. @ https://cdn.jsdelivr.net/npm/scichart@4.0.933/index.min.js:0
[ 3614674ms] [ERROR] Cannot draw annotations before axes have been configured. Add axes first, or use suspendUpdates to pause drawing until axes are available. @ https://cdn.jsdelivr.net/npm/scichart@4.0.933/index.min.js:0
[ 3614675ms] [ERROR] Cannot draw annotations before axes have been configured. Add axes first, or use suspendUpdates to pause drawing until axes are available. @ https://cdn.jsdelivr.net/npm/scichart@4.0.933/index.min.js:0
[ 3614675ms] [ERROR] Cannot draw annotations before axes have been configured. Add axes first, or use suspendUpdates to pause drawing until axes are available. @ https://cdn.jsdelivr.net/npm/scichart@4.0.933/index.min.js:0
[ 3614675ms] [ERROR] Cannot draw annotations before axes have been configured. Add axes first, or use suspendUpdates to pause drawing until axes are available. @ https://cdn.jsdelivr.net/npm/scichart@4.0.933/index.min.js:0
[ 3614675ms] [ERROR] Cannot draw annotations before axes have been configured. Add axes first, or use suspendUpdates to pause drawing until axes are available. @ https://cdn.jsdelivr.net/npm/scichart@4.0.933/index.min.js:0
[ 3614675ms] [ERROR] Cannot draw annotations before axes have been configured. Add axes first, or use suspendUpdates to pause drawing until axes are available. @ https://cdn.jsdelivr.net/npm/scichart@4.0.933/index.min.js:0
[ 3614676ms] [ERROR] Cannot draw annotations before axes have been configured. Add axes first, or use suspendUpdates to pause drawing until axes are available. @ https://cdn.jsdelivr.net/npm/scichart@4.0.933/index.min.js:0
[ 3614676ms] [ERROR] Cannot draw annotations before axes have been configured. Add axes first, or use suspendUpdates to pause drawing until axes are available. @ https://cdn.jsdelivr.net/npm/scichart@4.0.933/index.min.js:0
[ 3614676ms] [ERROR] Cannot draw annotations before axes have been configured. Add axes first, or use suspendUpdates to pause drawing until axes are available. @ https://cdn.jsdelivr.net/npm/scichart@4.0.933/index.min.js:0
[ 3614676ms] [ERROR] Cannot draw annotations before axes have been configured. Add axes first, or use suspendUpdates to pause drawing until axes are available. @ https://cdn.jsdelivr.net/npm/scichart@4.0.933/index.min.js:0
[ 3614677ms] [ERROR] Cannot draw annotations before axes have been configured. Add axes first, or use suspendUpdates to pause drawing until axes are available. @ https://cdn.jsdelivr.net/npm/scichart@4.0.933/index.min.js:0
[ 3614677ms] [ERROR] Cannot draw annotations before axes have been configured. Add axes first, or use suspendUpdates to pause drawing until axes are available. @ https://cdn.jsdelivr.net/npm/scichart@4.0.933/index.min.js:0
[ 3614677ms] [ERROR] Cannot draw annotations before axes have been configured. Add axes first, or use suspendUpdates to pause drawing until axes are available. @ https://cdn.jsdelivr.net/npm/scichart@4.0.933/index.min.js:0
[ 3614677ms] [ERROR] Cannot draw annotations before axes have been configured. Add axes first, or use suspendUpdates to pause drawing until axes are available. @ https://cdn.jsdelivr.net/npm/scichart@4.0.933/index.min.js:0
[ 3614677ms] [ERROR] Cannot draw annotations before axes have been configured. Add axes first, or use suspendUpdates to pause drawing until axes are available. @ https://cdn.jsdelivr.net/npm/scichart@4.0.933/index.min.js:0
[ 3614678ms] [ERROR] Cannot draw annotations before axes have been configured. Add axes first, or use suspendUpdates to pause drawing until axes are available. @ https://cdn.jsdelivr.net/npm/scichart@4.0.933/index.min.js:0
[ 3614678ms] [ERROR] Cannot draw annotations before axes have been configured. Add axes first, or use suspendUpdates to pause drawing until axes are available. @ https://cdn.jsdelivr.net/npm/scichart@4.0.933/index.min.js:0
[ 3614678ms] [ERROR] Cannot draw annotations before axes have been configured. Add axes first, or use suspendUpdates to pause drawing until axes are available. @ https://cdn.jsdelivr.net/npm/scichart@4.0.933/index.min.js:0
[ 3614678ms] [ERROR] Cannot draw annotations before axes have been configured. Add axes first, or use suspendUpdates to pause drawing until axes are available. @ https://cdn.jsdelivr.net/npm/scichart@4.0.933/index.min.js:0
[ 3614679ms] [ERROR] Cannot draw annotations before axes have been configured. Add axes first, or use suspendUpdates to pause drawing until axes are available. @ https://cdn.jsdelivr.net/npm/scichart@4.0.933/index.min.js:0
[ 3614679ms] [ERROR] Cannot draw annotations before axes have been configured. Add axes first, or use suspendUpdates to pause drawing until axes are available. @ https://cdn.jsdelivr.net/npm/scichart@4.0.933/index.min.js:0
[ 3614679ms] [ERROR] Cannot draw annotations before axes have been configured. Add axes first, or use suspendUpdates to pause drawing until axes are available. @ https://cdn.jsdelivr.net/npm/scichart@4.0.933/index.min.js:0
[ 3614679ms] [ERROR] Cannot draw annotations before axes have been configured. Add axes first, or use suspendUpdates to pause drawing until axes are available. @ https://cdn.jsdelivr.net/npm/scichart@4.0.933/index.min.js:0
[ 3614679ms] [ERROR] Cannot draw annotations before axes have been configured. Add axes first, or use suspendUpdates to pause drawing until axes are available. @ https://cdn.jsdelivr.net/npm/scichart@4.0.933/index.min.js:0
[ 3614680ms] [ERROR] Cannot draw annotations before axes have been configured. Add axes first, or use suspendUpdates to pause drawing until axes are available. @ https://cdn.jsdelivr.net/npm/scichart@4.0.933/index.min.js:0
[ 3614680ms] [ERROR] Cannot draw annotations before axes have been configured. Add axes first, or use suspendUpdates to pause drawing until axes are available. @ https://cdn.jsdelivr.net/npm/scichart@4.0.933/index.min.js:0
[ 3614680ms] [ERROR] Cannot draw annotations before axes have been configured. Add axes first, or use suspendUpdates to pause drawing until axes are available. @ https://cdn.jsdelivr.net/npm/scichart@4.0.933/index.min.js:0
[ 3614680ms] [ERROR] Cannot draw annotations before axes have been configured. Add axes first, or use suspendUpdates to pause drawing until axes are available. @ https://cdn.jsdelivr.net/npm/scichart@4.0.933/index.min.js:0
[ 3614708ms] [ERROR] Cannot draw annotations before axes have been configured. Add axes first, or use suspendUpdates to pause drawing until axes are available. @ https://cdn.jsdelivr.net/npm/scichart@4.0.933/index.min.js:0
[ 3614709ms] [ERROR] Cannot draw annotations before axes have been configured. Add axes first, or use suspendUpdates to pause drawing until axes are available. @ https://cdn.jsdelivr.net/npm/scichart@4.0.933/index.min.js:0
[ 3614709ms] [ERROR] Cannot draw annotations before axes have been configured. Add axes first, or use suspendUpdates to pause drawing until axes are available. @ https://cdn.jsdelivr.net/npm/scichart@4.0.933/index.min.js:0
[ 3614709ms] [ERROR] Cannot draw annotations before axes have been configured. Add axes first, or use suspendUpdates to pause drawing until axes are available. @ https://cdn.jsdelivr.net/npm/scichart@4.0.933/index.min.js:0
[ 3614709ms] [ERROR] Cannot draw annotations before axes have been configured. Add axes first, or use suspendUpdates to pause drawing until axes are available. @ https://cdn.jsdelivr.net/npm/scichart@4.0.933/index.min.js:0
[ 3614710ms] [ERROR] Cannot draw annotations before axes have been configured. Add axes first, or use suspendUpdates to pause drawing until axes are available. @ https://cdn.jsdelivr.net/npm/scichart@4.0.933/index.min.js:0
[ 3614710ms] [ERROR] Cannot draw annotations before axes have been configured. Add axes first, or use suspendUpdates to pause drawing until axes are available. @ https://cdn.jsdelivr.net/npm/scichart@4.0.933/index.min.js:0
[ 3614710ms] [ERROR] Cannot draw annotations before axes have been configured. Add axes first, or use suspendUpdates to pause drawing until axes are available. @ https://cdn.jsdelivr.net/npm/scichart@4.0.933/index.min.js:0
[ 3614710ms] [ERROR] Cannot draw annotations before axes have been configured. Add axes first, or use suspendUpdates to pause drawing until axes are available. @ https://cdn.jsdelivr.net/npm/scichart@4.0.933/index.min.js:0
[ 3614710ms] [ERROR] Cannot draw annotations before axes have been configured. Add axes first, or use suspendUpdates to pause drawing until axes are available. @ https://cdn.jsdelivr.net/npm/scichart@4.0.933/index.min.js:0
[ 3614711ms] [ERROR] Cannot draw annotations before axes have been configured. Add axes first, or use suspendUpdates to pause drawing until axes are available. @ https://cdn.jsdelivr.net/npm/scichart@4.0.933/index.min.js:0
[ 3614711ms] [ERROR] Cannot draw annotations before axes have been configured. Add axes first, or use suspendUpdates to pause drawing until axes are available. @ https://cdn.jsdelivr.net/npm/scichart@4.0.933/index.min.js:0
[ 3614711ms] [ERROR] Cannot draw annotations before axes have been configured. Add axes first, or use suspendUpdates to pause drawing until axes are available. @ https://cdn.jsdelivr.net/npm/scichart@4.0.933/index.min.js:0
[ 3614711ms] [ERROR] Cannot draw annotations before axes have been configured. Add axes first, or use suspendUpdates to pause drawing until axes are available. @ https://cdn.jsdelivr.net/npm/scichart@4.0.933/index.min.js:0
[ 3614712ms] [ERROR] Cannot draw annotations before axes have been configured. Add axes first, or use suspendUpdates to pause drawing until axes are available. @ https://cdn.jsdelivr.net/npm/scichart@4.0.933/index.min.js:0
[ 3614712ms] [ERROR] Cannot draw annotations before axes have been configured. Add axes first, or use suspendUpdates to pause drawing until axes are available. @ https://cdn.jsdelivr.net/npm/scichart@4.0.933/index.min.js:0
[ 3614712ms] [ERROR] Cannot draw annotations before axes have been configured. Add axes first, or use suspendUpdates to pause drawing until axes are available. @ https://cdn.jsdelivr.net/npm/scichart@4.0.933/index.min.js:0
[ 3614712ms] [ERROR] Cannot draw annotations before axes have been configured. Add axes first, or use suspendUpdates to pause drawing until axes are available. @ https://cdn.jsdelivr.net/npm/scichart@4.0.933/index.min.js:0
[ 3614713ms] [ERROR] Cannot draw annotations before axes have been configured. Add axes first, or use suspendUpdates to pause drawing until axes are available. @ https://cdn.jsdelivr.net/npm/scichart@4.0.933/index.min.js:0
[ 3614713ms] [ERROR] Cannot draw annotations before axes have been configured. Add axes first, or use suspendUpdates to pause drawing until axes are available. @ https://cdn.jsdelivr.net/npm/scichart@4.0.933/index.min.js:0
[ 3614713ms] [ERROR] Cannot draw annotations before axes have been configured. Add axes first, or use suspendUpdates to pause drawing until axes are available. @ https://cdn.jsdelivr.net/npm/scichart@4.0.933/index.min.js:0
[ 3614714ms] [ERROR] Cannot draw annotations before axes have been configured. Add axes first, or use suspendUpdates to pause drawing until axes are available. @ https://cdn.jsdelivr.net/npm/scichart@4.0.933/index.min.js:0
[ 3614714ms] [ERROR] Cannot draw annotations before axes have been configured. Add axes first, or use suspendUpdates to pause drawing until axes are available. @ https://cdn.jsdelivr.net/npm/scichart@4.0.933/index.min.js:0
[ 3614714ms] [ERROR] Cannot draw annotations before axes have been configured. Add axes first, or use suspendUpdates to pause drawing until axes are available. @ https://cdn.jsdelivr.net/npm/scichart@4.0.933/index.min.js:0
[ 3614714ms] [ERROR] Cannot draw annotations before axes have been configured. Add axes first, or use suspendUpdates to pause drawing until axes are available. @ https://cdn.jsdelivr.net/npm/scichart@4.0.933/index.min.js:0
[ 3614715ms] [ERROR] Cannot draw annotations before axes have been configured. Add axes first, or use suspendUpdates to pause drawing until axes are available. @ https://cdn.jsdelivr.net/npm/scichart@4.0.933/index.min.js:0
[ 3614715ms] [ERROR] Cannot draw annotations before axes have been configured. Add axes first, or use suspendUpdates to pause drawing until axes are available. @ https://cdn.jsdelivr.net/npm/scichart@4.0.933/index.min.js:0
[ 3614715ms] [ERROR] Cannot draw annotations before axes have been configured. Add axes first, or use suspendUpdates to pause drawing until axes are available. @ https://cdn.jsdelivr.net/npm/scichart@4.0.933/index.min.js:0
[ 3614715ms] [ERROR] Cannot draw annotations before axes have been configured. Add axes first, or use suspendUpdates to pause drawing until axes are available. @ https://cdn.jsdelivr.net/npm/scichart@4.0.933/index.min.js:0
[ 3614715ms] [ERROR] Cannot draw annotations before axes have been configured. Add axes first, or use suspendUpdates to pause drawing until axes are available. @ https://cdn.jsdelivr.net/npm/scichart@4.0.933/index.min.js:0
[ 3614716ms] [ERROR] Cannot draw annotations before axes have been configured. Add axes first, or use suspendUpdates to pause drawing until axes are available. @ https://cdn.jsdelivr.net/npm/scichart@4.0.933/index.min.js:0
[ 3614716ms] [ERROR] Cannot draw annotations before axes have been configured. Add axes first, or use suspendUpdates to pause drawing until axes are available. @ https://cdn.jsdelivr.net/npm/scichart@4.0.933/index.min.js:0
[ 3614716ms] [ERROR] Cannot draw annotations before axes have been configured. Add axes first, or use suspendUpdates to pause drawing until axes are available. @ https://cdn.jsdelivr.net/npm/scichart@4.0.933/index.min.js:0
[ 3614716ms] [ERROR] Cannot draw annotations before axes have been configured. Add axes first, or use suspendUpdates to pause drawing until axes are available. @ https://cdn.jsdelivr.net/npm/scichart@4.0.933/index.min.js:0
[ 3614717ms] [ERROR] Cannot draw annotations before axes have been configured. Add axes first, or use suspendUpdates to pause drawing until axes are available. @ https://cdn.jsdelivr.net/npm/scichart@4.0.933/index.min.js:0
[ 3614717ms] [ERROR] Cannot draw annotations before axes have been configured. Add axes first, or use suspendUpdates to pause drawing until axes are available. @ https://cdn.jsdelivr.net/npm/scichart@4.0.933/index.min.js:0
[ 3614717ms] [ERROR] Cannot draw annotations before axes have been configured. Add axes first, or use suspendUpdates to pause drawing until axes are available. @ https://cdn.jsdelivr.net/npm/scichart@4.0.933/index.min.js:0
[ 3614717ms] [ERROR] Cannot draw annotations before axes have been configured. Add axes first, or use suspendUpdates to pause drawing until axes are available. @ https://cdn.jsdelivr.net/npm/scichart@4.0.933/index.min.js:0
[ 3614717ms] [ERROR] Cannot draw annotations before axes have been configured. Add axes first, or use suspendUpdates to pause drawing until axes are available. @ https://cdn.jsdelivr.net/npm/scichart@4.0.933/index.min.js:0
[ 3614718ms] [ERROR] Cannot draw annotations before axes have been configured. Add axes first, or use suspendUpdates to pause drawing until axes are available. @ https://cdn.jsdelivr.net/npm/scichart@4.0.933/index.min.js:0
[ 3620051ms] [ERROR] Cannot draw annotations before axes have been configured. Add axes first, or use suspendUpdates to pause drawing until axes are available. @ https://cdn.jsdelivr.net/npm/scichart@4.0.933/index.min.js:0
[ 3620053ms] [ERROR] Cannot draw annotations before axes have been configured. Add axes first, or use suspendUpdates to pause drawing until axes are available. @ https://cdn.jsdelivr.net/npm/scichart@4.0.933/index.min.js:0
[ 3620053ms] [ERROR] Cannot draw annotations before axes have been configured. Add axes first, or use suspendUpdates to pause drawing until axes are available. @ https://cdn.jsdelivr.net/npm/scichart@4.0.933/index.min.js:0
[ 3620053ms] [ERROR] Cannot draw annotations before axes have been configured. Add axes first, or use suspendUpdates to pause drawing until axes are available. @ https://cdn.jsdelivr.net/npm/scichart@4.0.933/index.min.js:0
[ 3620053ms] [ERROR] Cannot draw annotations before axes have been configured. Add axes first, or use suspendUpdates to pause drawing until axes are available. @ https://cdn.jsdelivr.net/npm/scichart@4.0.933/index.min.js:0
[ 3620054ms] [ERROR] Cannot draw annotations before axes have been configured. Add axes first, or use suspendUpdates to pause drawing until axes are available. @ https://cdn.jsdelivr.net/npm/scichart@4.0.933/index.min.js:0
[ 3620054ms] [ERROR] Cannot draw annotations before axes have been configured. Add axes first, or use suspendUpdates to pause drawing until axes are available. @ https://cdn.jsdelivr.net/npm/scichart@4.0.933/index.min.js:0
[ 3620054ms] [ERROR] Cannot draw annotations before axes have been configured. Add axes first, or use suspendUpdates to pause drawing until axes are available. @ https://cdn.jsdelivr.net/npm/scichart@4.0.933/index.min.js:0
[ 3620054ms] [ERROR] Cannot draw annotations before axes have been configured. Add axes first, or use suspendUpdates to pause drawing until axes are available. @ https://cdn.jsdelivr.net/npm/scichart@4.0.933/index.min.js:0
[ 3620055ms] [ERROR] Cannot draw annotations before axes have been configured. Add axes first, or use suspendUpdates to pause drawing until axes are available. @ https://cdn.jsdelivr.net/npm/scichart@4.0.933/index.min.js:0
[ 3620055ms] [ERROR] Cannot draw annotations before axes have been configured. Add axes first, or use suspendUpdates to pause drawing until axes are available. @ https://cdn.jsdelivr.net/npm/scichart@4.0.933/index.min.js:0
[ 3620055ms] [ERROR] Cannot draw annotations before axes have been configured. Add axes first, or use suspendUpdates to pause drawing until axes are available. @ https://cdn.jsdelivr.net/npm/scichart@4.0.933/index.min.js:0
[ 3620055ms] [ERROR] Cannot draw annotations before axes have been configured. Add axes first, or use suspendUpdates to pause drawing until axes are available. @ https://cdn.jsdelivr.net/npm/scichart@4.0.933/index.min.js:0
[ 3620056ms] [ERROR] Cannot draw annotations before axes have been configured. Add axes first, or use suspendUpdates to pause drawing until axes are available. @ https://cdn.jsdelivr.net/npm/scichart@4.0.933/index.min.js:0
[ 3620056ms] [ERROR] Cannot draw annotations before axes have been configured. Add axes first, or use suspendUpdates to pause drawing until axes are available. @ https://cdn.jsdelivr.net/npm/scichart@4.0.933/index.min.js:0
[ 3620056ms] [ERROR] Cannot draw annotations before axes have been configured. Add axes first, or use suspendUpdates to pause drawing until axes are available. @ https://cdn.jsdelivr.net/npm/scichart@4.0.933/index.min.js:0
[ 3620056ms] [ERROR] Cannot draw annotations before axes have been configured. Add axes first, or use suspendUpdates to pause drawing until axes are available. @ https://cdn.jsdelivr.net/npm/scichart@4.0.933/index.min.js:0
[ 3620057ms] [ERROR] Cannot draw annotations before axes have been configured. Add axes first, or use suspendUpdates to pause drawing until axes are available. @ https://cdn.jsdelivr.net/npm/scichart@4.0.933/index.min.js:0
[ 3620057ms] [ERROR] Cannot draw annotations before axes have been configured. Add axes first, or use suspendUpdates to pause drawing until axes are available. @ https://cdn.jsdelivr.net/npm/scichart@4.0.933/index.min.js:0
[ 3620057ms] [ERROR] Cannot draw annotations before axes have been configured. Add axes first, or use suspendUpdates to pause drawing until axes are available. @ https://cdn.jsdelivr.net/npm/scichart@4.0.933/index.min.js:0
[ 3620058ms] [ERROR] Cannot draw annotations before axes have been configured. Add axes first, or use suspendUpdates to pause drawing until axes are available. @ https://cdn.jsdelivr.net/npm/scichart@4.0.933/index.min.js:0
[ 3620058ms] [ERROR] Cannot draw annotations before axes have been configured. Add axes first, or use suspendUpdates to pause drawing until axes are available. @ https://cdn.jsdelivr.net/npm/scichart@4.0.933/index.min.js:0
[ 3620058ms] [ERROR] Cannot draw annotations before axes have been configured. Add axes first, or use suspendUpdates to pause drawing until axes are available. @ https://cdn.jsdelivr.net/npm/scichart@4.0.933/index.min.js:0
[ 3620058ms] [ERROR] Cannot draw annotations before axes have been configured. Add axes first, or use suspendUpdates to pause drawing until axes are available. @ https://cdn.jsdelivr.net/npm/scichart@4.0.933/index.min.js:0
[ 3620059ms] [ERROR] Cannot draw annotations before axes have been configured. Add axes first, or use suspendUpdates to pause drawing until axes are available. @ https://cdn.jsdelivr.net/npm/scichart@4.0.933/index.min.js:0
[ 3620059ms] [ERROR] Cannot draw annotations before axes have been configured. Add axes first, or use suspendUpdates to pause drawing until axes are available. @ https://cdn.jsdelivr.net/npm/scichart@4.0.933/index.min.js:0
[ 3620059ms] [ERROR] Cannot draw annotations before axes have been configured. Add axes first, or use suspendUpdates to pause drawing until axes are available. @ https://cdn.jsdelivr.net/npm/scichart@4.0.933/index.min.js:0
[ 3620059ms] [ERROR] Cannot draw annotations before axes have been configured. Add axes first, or use suspendUpdates to pause drawing until axes are available. @ https://cdn.jsdelivr.net/npm/scichart@4.0.933/index.min.js:0
[ 3620059ms] [ERROR] Cannot draw annotations before axes have been configured. Add axes first, or use suspendUpdates to pause drawing until axes are available. @ https://cdn.jsdelivr.net/npm/scichart@4.0.933/index.min.js:0
[ 3620060ms] [ERROR] Cannot draw annotations before axes have been configured. Add axes first, or use suspendUpdates to pause drawing until axes are available. @ https://cdn.jsdelivr.net/npm/scichart@4.0.933/index.min.js:0
[ 3620060ms] [ERROR] Cannot draw annotations before axes have been configured. Add axes first, or use suspendUpdates to pause drawing until axes are available. @ https://cdn.jsdelivr.net/npm/scichart@4.0.933/index.min.js:0
[ 3620060ms] [ERROR] Cannot draw annotations before axes have been configured. Add axes first, or use suspendUpdates to pause drawing until axes are available. @ https://cdn.jsdelivr.net/npm/scichart@4.0.933/index.min.js:0
[ 3620060ms] [ERROR] Cannot draw annotations before axes have been configured. Add axes first, or use suspendUpdates to pause drawing until axes are available. @ https://cdn.jsdelivr.net/npm/scichart@4.0.933/index.min.js:0
[ 3620061ms] [ERROR] Cannot draw annotations before axes have been configured. Add axes first, or use suspendUpdates to pause drawing until axes are available. @ https://cdn.jsdelivr.net/npm/scichart@4.0.933/index.min.js:0
[ 3620061ms] [ERROR] Cannot draw annotations before axes have been configured. Add axes first, or use suspendUpdates to pause drawing until axes are available. @ https://cdn.jsdelivr.net/npm/scichart@4.0.933/index.min.js:0
[ 3620061ms] [ERROR] Cannot draw annotations before axes have been configured. Add axes first, or use suspendUpdates to pause drawing until axes are available. @ https://cdn.jsdelivr.net/npm/scichart@4.0.933/index.min.js:0
[ 3620061ms] [ERROR] Cannot draw annotations before axes have been configured. Add axes first, or use suspendUpdates to pause drawing until axes are available. @ https://cdn.jsdelivr.net/npm/scichart@4.0.933/index.min.js:0
[ 3620062ms] [ERROR] Cannot draw annotations before axes have been configured. Add axes first, or use suspendUpdates to pause drawing until axes are available. @ https://cdn.jsdelivr.net/npm/scichart@4.0.933/index.min.js:0
[ 3620062ms] [ERROR] Cannot draw annotations before axes have been configured. Add axes first, or use suspendUpdates to pause drawing until axes are available. @ https://cdn.jsdelivr.net/npm/scichart@4.0.933/index.min.js:0
[ 3620062ms] [ERROR] Cannot draw annotations before axes have been configured. Add axes first, or use suspendUpdates to pause drawing until axes are available. @ https://cdn.jsdelivr.net/npm/scichart@4.0.933/index.min.js:0
[ 3620062ms] [ERROR] Cannot draw annotations before axes have been configured. Add axes first, or use suspendUpdates to pause drawing until axes are available. @ https://cdn.jsdelivr.net/npm/scichart@4.0.933/index.min.js:0
[ 3620198ms] [ERROR] Cannot draw annotations before axes have been configured. Add axes first, or use suspendUpdates to pause drawing until axes are available. @ https://cdn.jsdelivr.net/npm/scichart@4.0.933/index.min.js:0
[ 3620199ms] [ERROR] Cannot draw annotations before axes have been configured. Add axes first, or use suspendUpdates to pause drawing until axes are available. @ https://cdn.jsdelivr.net/npm/scichart@4.0.933/index.min.js:0
[ 3620199ms] [ERROR] Cannot draw annotations before axes have been configured. Add axes first, or use suspendUpdates to pause drawing until axes are available. @ https://cdn.jsdelivr.net/npm/scichart@4.0.933/index.min.js:0
[ 3620200ms] [ERROR] Cannot draw annotations before axes have been configured. Add axes first, or use suspendUpdates to pause drawing until axes are available. @ https://cdn.jsdelivr.net/npm/scichart@4.0.933/index.min.js:0
[ 3620200ms] [ERROR] Cannot draw annotations before axes have been configured. Add axes first, or use suspendUpdates to pause drawing until axes are available. @ https://cdn.jsdelivr.net/npm/scichart@4.0.933/index.min.js:0
[ 3620200ms] [ERROR] Cannot draw annotations before axes have been configured. Add axes first, or use suspendUpdates to pause drawing until axes are available. @ https://cdn.jsdelivr.net/npm/scichart@4.0.933/index.min.js:0
[ 3620200ms] [ERROR] Cannot draw annotations before axes have been configured. Add axes first, or use suspendUpdates to pause drawing until axes are available. @ https://cdn.jsdelivr.net/npm/scichart@4.0.933/index.min.js:0
[ 3620201ms] [ERROR] Cannot draw annotations before axes have been configured. Add axes first, or use suspendUpdates to pause drawing until axes are available. @ https://cdn.jsdelivr.net/npm/scichart@4.0.933/index.min.js:0
[ 3620201ms] [ERROR] Cannot draw annotations before axes have been configured. Add axes first, or use suspendUpdates to pause drawing until axes are available. @ https://cdn.jsdelivr.net/npm/scichart@4.0.933/index.min.js:0
[ 3620201ms] [ERROR] Cannot draw annotations before axes have been configured. Add axes first, or use suspendUpdates to pause drawing until axes are available. @ https://cdn.jsdelivr.net/npm/scichart@4.0.933/index.min.js:0
[ 3620201ms] [ERROR] Cannot draw annotations before axes have been configured. Add axes first, or use suspendUpdates to pause drawing until axes are available. @ https://cdn.jsdelivr.net/npm/scichart@4.0.933/index.min.js:0
[ 3620202ms] [ERROR] Cannot draw annotations before axes have been configured. Add axes first, or use suspendUpdates to pause drawing until axes are available. @ https://cdn.jsdelivr.net/npm/scichart@4.0.933/index.min.js:0
[ 3620202ms] [ERROR] Cannot draw annotations before axes have been configured. Add axes first, or use suspendUpdates to pause drawing until axes are available. @ https://cdn.jsdelivr.net/npm/scichart@4.0.933/index.min.js:0
[ 3620202ms] [ERROR] Cannot draw annotations before axes have been configured. Add axes first, or use suspendUpdates to pause drawing until axes are available. @ https://cdn.jsdelivr.net/npm/scichart@4.0.933/index.min.js:0
[ 3620202ms] [ERROR] Cannot draw annotations before axes have been configured. Add axes first, or use suspendUpdates to pause drawing until axes are available. @ https://cdn.jsdelivr.net/npm/scichart@4.0.933/index.min.js:0
[ 3620202ms] [ERROR] Cannot draw annotations before axes have been configured. Add axes first, or use suspendUpdates to pause drawing until axes are available. @ https://cdn.jsdelivr.net/npm/scichart@4.0.933/index.min.js:0
[ 3620203ms] [ERROR] Cannot draw annotations before axes have been configured. Add axes first, or use suspendUpdates to pause drawing until axes are available. @ https://cdn.jsdelivr.net/npm/scichart@4.0.933/index.min.js:0
[ 3620203ms] [ERROR] Cannot draw annotations before axes have been configured. Add axes first, or use suspendUpdates to pause drawing until axes are available. @ https://cdn.jsdelivr.net/npm/scichart@4.0.933/index.min.js:0
[ 3620203ms] [ERROR] Cannot draw annotations before axes have been configured. Add axes first, or use suspendUpdates to pause drawing until axes are available. @ https://cdn.jsdelivr.net/npm/scichart@4.0.933/index.min.js:0
[ 3620203ms] [ERROR] Cannot draw annotations before axes have been configured. Add axes first, or use suspendUpdates to pause drawing until axes are available. @ https://cdn.jsdelivr.net/npm/scichart@4.0.933/index.min.js:0
[ 3620204ms] [ERROR] Cannot draw annotations before axes have been configured. Add axes first, or use suspendUpdates to pause drawing until axes are available. @ https://cdn.jsdelivr.net/npm/scichart@4.0.933/index.min.js:0
[ 3620204ms] [ERROR] Cannot draw annotations before axes have been configured. Add axes first, or use suspendUpdates to pause drawing until axes are available. @ https://cdn.jsdelivr.net/npm/scichart@4.0.933/index.min.js:0
[ 3620204ms] [ERROR] Cannot draw annotations before axes have been configured. Add axes first, or use suspendUpdates to pause drawing until axes are available. @ https://cdn.jsdelivr.net/npm/scichart@4.0.933/index.min.js:0
[ 3620204ms] [ERROR] Cannot draw annotations before axes have been configured. Add axes first, or use suspendUpdates to pause drawing until axes are available. @ https://cdn.jsdelivr.net/npm/scichart@4.0.933/index.min.js:0
[ 3620205ms] [ERROR] Cannot draw annotations before axes have been configured. Add axes first, or use suspendUpdates to pause drawing until axes are available. @ https://cdn.jsdelivr.net/npm/scichart@4.0.933/index.min.js:0
[ 3620205ms] [ERROR] Cannot draw annotations before axes have been configured. Add axes first, or use suspendUpdates to pause drawing until axes are available. @ https://cdn.jsdelivr.net/npm/scichart@4.0.933/index.min.js:0
[ 3620205ms] [ERROR] Cannot draw annotations before axes have been configured. Add axes first, or use suspendUpdates to pause drawing until axes are available. @ https://cdn.jsdelivr.net/npm/scichart@4.0.933/index.min.js:0
[ 3620205ms] [ERROR] Cannot draw annotations before axes have been configured. Add axes first, or use suspendUpdates to pause drawing until axes are available. @ https://cdn.jsdelivr.net/npm/scichart@4.0.933/index.min.js:0
[ 3620205ms] [ERROR] Cannot draw annotations before axes have been configured. Add axes first, or use suspendUpdates to pause drawing until axes are available. @ https://cdn.jsdelivr.net/npm/scichart@4.0.933/index.min.js:0
[ 3620206ms] [ERROR] Cannot draw annotations before axes have been configured. Add axes first, or use suspendUpdates to pause drawing until axes are available. @ https://cdn.jsdelivr.net/npm/scichart@4.0.933/index.min.js:0
[ 3620206ms] [ERROR] Cannot draw annotations before axes have been configured. Add axes first, or use suspendUpdates to pause drawing until axes are available. @ https://cdn.jsdelivr.net/npm/scichart@4.0.933/index.min.js:0
[ 3620206ms] [ERROR] Cannot draw annotations before axes have been configured. Add axes first, or use suspendUpdates to pause drawing until axes are available. @ https://cdn.jsdelivr.net/npm/scichart@4.0.933/index.min.js:0
[ 3620206ms] [ERROR] Cannot draw annotations before axes have been configured. Add axes first, or use suspendUpdates to pause drawing until axes are available. @ https://cdn.jsdelivr.net/npm/scichart@4.0.933/index.min.js:0
[ 3620207ms] [ERROR] Cannot draw annotations before axes have been configured. Add axes first, or use suspendUpdates to pause drawing until axes are available. @ https://cdn.jsdelivr.net/npm/scichart@4.0.933/index.min.js:0
[ 3620207ms] [ERROR] Cannot draw annotations before axes have been configured. Add axes first, or use suspendUpdates to pause drawing until axes are available. @ https://cdn.jsdelivr.net/npm/scichart@4.0.933/index.min.js:0
[ 3620207ms] [ERROR] Cannot draw annotations before axes have been configured. Add axes first, or use suspendUpdates to pause drawing until axes are available. @ https://cdn.jsdelivr.net/npm/scichart@4.0.933/index.min.js:0
[ 3620207ms] [ERROR] Cannot draw annotations before axes have been configured. Add axes first, or use suspendUpdates to pause drawing until axes are available. @ https://cdn.jsdelivr.net/npm/scichart@4.0.933/index.min.js:0
[ 3620208ms] [ERROR] Cannot draw annotations before axes have been configured. Add axes first, or use suspendUpdates to pause drawing until axes are available. @ https://cdn.jsdelivr.net/npm/scichart@4.0.933/index.min.js:0
[ 3620208ms] [ERROR] Cannot draw annotations before axes have been configured. Add axes first, or use suspendUpdates to pause drawing until axes are available. @ https://cdn.jsdelivr.net/npm/scichart@4.0.933/index.min.js:0
[ 3620208ms] [ERROR] Cannot draw annotations before axes have been configured. Add axes first, or use suspendUpdates to pause drawing until axes are available. @ https://cdn.jsdelivr.net/npm/scichart@4.0.933/index.min.js:0
[ 3620208ms] [ERROR] Cannot draw annotations before axes have been configured. Add axes first, or use suspendUpdates to pause drawing until axes are available. @ https://cdn.jsdelivr.net/npm/scichart@4.0.933/index.min.js:0
[ 3620209ms] [ERROR] Cannot draw annotations before axes have been configured. Add axes first, or use suspendUpdates to pause drawing until axes are available. @ https://cdn.jsdelivr.net/npm/scichart@4.0.933/index.min.js:0
[ 3620238ms] [ERROR] Cannot draw annotations before axes have been configured. Add axes first, or use suspendUpdates to pause drawing until axes are available. @ https://cdn.jsdelivr.net/npm/scichart@4.0.933/index.min.js:0
[ 3620238ms] [ERROR] Cannot draw annotations before axes have been configured. Add axes first, or use suspendUpdates to pause drawing until axes are available. @ https://cdn.jsdelivr.net/npm/scichart@4.0.933/index.min.js:0
[ 3620238ms] [ERROR] Cannot draw annotations before axes have been configured. Add axes first, or use suspendUpdates to pause drawing until axes are available. @ https://cdn.jsdelivr.net/npm/scichart@4.0.933/index.min.js:0
[ 3620239ms] [ERROR] Cannot draw annotations before axes have been configured. Add axes first, or use suspendUpdates to pause drawing until axes are available. @ https://cdn.jsdelivr.net/npm/scichart@4.0.933/index.min.js:0
[ 3620239ms] [ERROR] Cannot draw annotations before axes have been configured. Add axes first, or use suspendUpdates to pause drawing until axes are available. @ https://cdn.jsdelivr.net/npm/scichart@4.0.933/index.min.js:0
[ 3620239ms] [ERROR] Cannot draw annotations before axes have been configured. Add axes first, or use suspendUpdates to pause drawing until axes are available. @ https://cdn.jsdelivr.net/npm/scichart@4.0.933/index.min.js:0
[ 3620239ms] [ERROR] Cannot draw annotations before axes have been configured. Add axes first, or use suspendUpdates to pause drawing until axes are available. @ https://cdn.jsdelivr.net/npm/scichart@4.0.933/index.min.js:0
[ 3620239ms] [ERROR] Cannot draw annotations before axes have been configured. Add axes first, or use suspendUpdates to pause drawing until axes are available. @ https://cdn.jsdelivr.net/npm/scichart@4.0.933/index.min.js:0
[ 3620240ms] [ERROR] Cannot draw annotations before axes have been configured. Add axes first, or use suspendUpdates to pause drawing until axes are available. @ https://cdn.jsdelivr.net/npm/scichart@4.0.933/index.min.js:0
[ 3620240ms] [ERROR] Cannot draw annotations before axes have been configured. Add axes first, or use suspendUpdates to pause drawing until axes are available. @ https://cdn.jsdelivr.net/npm/scichart@4.0.933/index.min.js:0
[ 3620240ms] [ERROR] Cannot draw annotations before axes have been configured. Add axes first, or use suspendUpdates to pause drawing until axes are available. @ https://cdn.jsdelivr.net/npm/scichart@4.0.933/index.min.js:0
[ 3620240ms] [ERROR] Cannot draw annotations before axes have been configured. Add axes first, or use suspendUpdates to pause drawing until axes are available. @ https://cdn.jsdelivr.net/npm/scichart@4.0.933/index.min.js:0
[ 3620241ms] [ERROR] Cannot draw annotations before axes have been configured. Add axes first, or use suspendUpdates to pause drawing until axes are available. @ https://cdn.jsdelivr.net/npm/scichart@4.0.933/index.min.js:0
[ 3620241ms] [ERROR] Cannot draw annotations before axes have been configured. Add axes first, or use suspendUpdates to pause drawing until axes are available. @ https://cdn.jsdelivr.net/npm/scichart@4.0.933/index.min.js:0
[ 3620241ms] [ERROR] Cannot draw annotations before axes have been configured. Add axes first, or use suspendUpdates to pause drawing until axes are available. @ https://cdn.jsdelivr.net/npm/scichart@4.0.933/index.min.js:0
[ 3620241ms] [ERROR] Cannot draw annotations before axes have been configured. Add axes first, or use suspendUpdates to pause drawing until axes are available. @ https://cdn.jsdelivr.net/npm/scichart@4.0.933/index.min.js:0
[ 3620242ms] [ERROR] Cannot draw annotations before axes have been configured. Add axes first, or use suspendUpdates to pause drawing until axes are available. @ https://cdn.jsdelivr.net/npm/scichart@4.0.933/index.min.js:0
[ 3620242ms] [ERROR] Cannot draw annotations before axes have been configured. Add axes first, or use suspendUpdates to pause drawing until axes are available. @ https://cdn.jsdelivr.net/npm/scichart@4.0.933/index.min.js:0
[ 3620242ms] [ERROR] Cannot draw annotations before axes have been configured. Add axes first, or use suspendUpdates to pause drawing until axes are available. @ https://cdn.jsdelivr.net/npm/scichart@4.0.933/index.min.js:0
[ 3620242ms] [ERROR] Cannot draw annotations before axes have been configured. Add axes first, or use suspendUpdates to pause drawing until axes are available. @ https://cdn.jsdelivr.net/npm/scichart@4.0.933/index.min.js:0
[ 3620243ms] [ERROR] Cannot draw annotations before axes have been configured. Add axes first, or use suspendUpdates to pause drawing until axes are available. @ https://cdn.jsdelivr.net/npm/scichart@4.0.933/index.min.js:0
[ 3620243ms] [ERROR] Cannot draw annotations before axes have been configured. Add axes first, or use suspendUpdates to pause drawing until axes are available. @ https://cdn.jsdelivr.net/npm/scichart@4.0.933/index.min.js:0
[ 3620243ms] [ERROR] Cannot draw annotations before axes have been configured. Add axes first, or use suspendUpdates to pause drawing until axes are available. @ https://cdn.jsdelivr.net/npm/scichart@4.0.933/index.min.js:0
[ 3620243ms] [ERROR] Cannot draw annotations before axes have been configured. Add axes first, or use suspendUpdates to pause drawing until axes are available. @ https://cdn.jsdelivr.net/npm/scichart@4.0.933/index.min.js:0
[ 3620244ms] [ERROR] Cannot draw annotations before axes have been configured. Add axes first, or use suspendUpdates to pause drawing until axes are available. @ https://cdn.jsdelivr.net/npm/scichart@4.0.933/index.min.js:0
[ 3620244ms] [ERROR] Cannot draw annotations before axes have been configured. Add axes first, or use suspendUpdates to pause drawing until axes are available. @ https://cdn.jsdelivr.net/npm/scichart@4.0.933/index.min.js:0
[ 3620244ms] [ERROR] Cannot draw annotations before axes have been configured. Add axes first, or use suspendUpdates to pause drawing until axes are available. @ https://cdn.jsdelivr.net/npm/scichart@4.0.933/index.min.js:0
[ 3620244ms] [ERROR] Cannot draw annotations before axes have been configured. Add axes first, or use suspendUpdates to pause drawing until axes are available. @ https://cdn.jsdelivr.net/npm/scichart@4.0.933/index.min.js:0
[ 3620244ms] [ERROR] Cannot draw annotations before axes have been configured. Add axes first, or use suspendUpdates to pause drawing until axes are available. @ https://cdn.jsdelivr.net/npm/scichart@4.0.933/index.min.js:0
[ 3620245ms] [ERROR] Cannot draw annotations before axes have been configured. Add axes first, or use suspendUpdates to pause drawing until axes are available. @ https://cdn.jsdelivr.net/npm/scichart@4.0.933/index.min.js:0
[ 3620245ms] [ERROR] Cannot draw annotations before axes have been configured. Add axes first, or use suspendUpdates to pause drawing until axes are available. @ https://cdn.jsdelivr.net/npm/scichart@4.0.933/index.min.js:0
[ 3620245ms] [ERROR] Cannot draw annotations before axes have been configured. Add axes first, or use suspendUpdates to pause drawing until axes are available. @ https://cdn.jsdelivr.net/npm/scichart@4.0.933/index.min.js:0
[ 3620245ms] [ERROR] Cannot draw annotations before axes have been configured. Add axes first, or use suspendUpdates to pause drawing until axes are available. @ https://cdn.jsdelivr.net/npm/scichart@4.0.933/index.min.js:0
[ 3620246ms] [ERROR] Cannot draw annotations before axes have been configured. Add axes first, or use suspendUpdates to pause drawing until axes are available. @ https://cdn.jsdelivr.net/npm/scichart@4.0.933/index.min.js:0
[ 3620246ms] [ERROR] Cannot draw annotations before axes have been configured. Add axes first, or use suspendUpdates to pause drawing until axes are available. @ https://cdn.jsdelivr.net/npm/scichart@4.0.933/index.min.js:0
[ 3620246ms] [ERROR] Cannot draw annotations before axes have been configured. Add axes first, or use suspendUpdates to pause drawing until axes are available. @ https://cdn.jsdelivr.net/npm/scichart@4.0.933/index.min.js:0
[ 3620246ms] [ERROR] Cannot draw annotations before axes have been configured. Add axes first, or use suspendUpdates to pause drawing until axes are available. @ https://cdn.jsdelivr.net/npm/scichart@4.0.933/index.min.js:0
[ 3620247ms] [ERROR] Cannot draw annotations before axes have been configured. Add axes first, or use suspendUpdates to pause drawing until axes are available. @ https://cdn.jsdelivr.net/npm/scichart@4.0.933/index.min.js:0
[ 3620247ms] [ERROR] Cannot draw annotations before axes have been configured. Add axes first, or use suspendUpdates to pause drawing until axes are available. @ https://cdn.jsdelivr.net/npm/scichart@4.0.933/index.min.js:0
[ 3620247ms] [ERROR] Cannot draw annotations before axes have been configured. Add axes first, or use suspendUpdates to pause drawing until axes are available. @ https://cdn.jsdelivr.net/npm/scichart@4.0.933/index.min.js:0
[ 3620247ms] [ERROR] Cannot draw annotations before axes have been configured. Add axes first, or use suspendUpdates to pause drawing until axes are available. @ https://cdn.jsdelivr.net/npm/scichart@4.0.933/index.min.js:0
[ 3620248ms] [ERROR] Cannot draw annotations before axes have been configured. Add axes first, or use suspendUpdates to pause drawing until axes are available. @ https://cdn.jsdelivr.net/npm/scichart@4.0.933/index.min.js:0
[ 3620248ms] [ERROR] Cannot draw annotations before axes have been configured. Add axes first, or use suspendUpdates to pause drawing until axes are available. @ https://cdn.jsdelivr.net/npm/scichart@4.0.933/index.min.js:0
[ 3620248ms] [ERROR] Cannot draw annotations before axes have been configured. Add axes first, or use suspendUpdates to pause drawing until axes are available. @ https://cdn.jsdelivr.net/npm/scichart@4.0.933/index.min.js:0
[ 3626050ms] [ERROR] Cannot draw annotations before axes have been configured. Add axes first, or use suspendUpdates to pause drawing until axes are available. @ https://cdn.jsdelivr.net/npm/scichart@4.0.933/index.min.js:0
[ 3626052ms] [ERROR] Cannot draw annotations before axes have been configured. Add axes first, or use suspendUpdates to pause drawing until axes are available. @ https://cdn.jsdelivr.net/npm/scichart@4.0.933/index.min.js:0
[ 3626053ms] [ERROR] Cannot draw annotations before axes have been configured. Add axes first, or use suspendUpdates to pause drawing until axes are available. @ https://cdn.jsdelivr.net/npm/scichart@4.0.933/index.min.js:0
[ 3626053ms] [ERROR] Cannot draw annotations before axes have been configured. Add axes first, or use suspendUpdates to pause drawing until axes are available. @ https://cdn.jsdelivr.net/npm/scichart@4.0.933/index.min.js:0
[ 3626054ms] [ERROR] Cannot draw annotations before axes have been configured. Add axes first, or use suspendUpdates to pause drawing until axes are available. @ https://cdn.jsdelivr.net/npm/scichart@4.0.933/index.min.js:0
[ 3626055ms] [ERROR] Cannot draw annotations before axes have been configured. Add axes first, or use suspendUpdates to pause drawing until axes are available. @ https://cdn.jsdelivr.net/npm/scichart@4.0.933/index.min.js:0
[ 3626055ms] [ERROR] Cannot draw annotations before axes have been configured. Add axes first, or use suspendUpdates to pause drawing until axes are available. @ https://cdn.jsdelivr.net/npm/scichart@4.0.933/index.min.js:0
[ 3626055ms] [ERROR] Cannot draw annotations before axes have been configured. Add axes first, or use suspendUpdates to pause drawing until axes are available. @ https://cdn.jsdelivr.net/npm/scichart@4.0.933/index.min.js:0
[ 3626055ms] [ERROR] Cannot draw annotations before axes have been configured. Add axes first, or use suspendUpdates to pause drawing until axes are available. @ https://cdn.jsdelivr.net/npm/scichart@4.0.933/index.min.js:0
[ 3626056ms] [ERROR] Cannot draw annotations before axes have been configured. Add axes first, or use suspendUpdates to pause drawing until axes are available. @ https://cdn.jsdelivr.net/npm/scichart@4.0.933/index.min.js:0
[ 3626056ms] [ERROR] Cannot draw annotations before axes have been configured. Add axes first, or use suspendUpdates to pause drawing until axes are available. @ https://cdn.jsdelivr.net/npm/scichart@4.0.933/index.min.js:0
[ 3626056ms] [ERROR] Cannot draw annotations before axes have been configured. Add axes first, or use suspendUpdates to pause drawing until axes are available. @ https://cdn.jsdelivr.net/npm/scichart@4.0.933/index.min.js:0
[ 3626056ms] [ERROR] Cannot draw annotations before axes have been configured. Add axes first, or use suspendUpdates to pause drawing until axes are available. @ https://cdn.jsdelivr.net/npm/scichart@4.0.933/index.min.js:0
[ 3626057ms] [ERROR] Cannot draw annotations before axes have been configured. Add axes first, or use suspendUpdates to pause drawing until axes are available. @ https://cdn.jsdelivr.net/npm/scichart@4.0.933/index.min.js:0
[ 3626057ms] [ERROR] Cannot draw annotations before axes have been configured. Add axes first, or use suspendUpdates to pause drawing until axes are available. @ https://cdn.jsdelivr.net/npm/scichart@4.0.933/index.min.js:0
[ 3626057ms] [ERROR] Cannot draw annotations before axes have been configured. Add axes first, or use suspendUpdates to pause drawing until axes are available. @ https://cdn.jsdelivr.net/npm/scichart@4.0.933/index.min.js:0
[ 3626058ms] [ERROR] Cannot draw annotations before axes have been configured. Add axes first, or use suspendUpdates to pause drawing until axes are available. @ https://cdn.jsdelivr.net/npm/scichart@4.0.933/index.min.js:0
[ 3626058ms] [ERROR] Cannot draw annotations before axes have been configured. Add axes first, or use suspendUpdates to pause drawing until axes are available. @ https://cdn.jsdelivr.net/npm/scichart@4.0.933/index.min.js:0
[ 3626058ms] [ERROR] Cannot draw annotations before axes have been configured. Add axes first, or use suspendUpdates to pause drawing until axes are available. @ https://cdn.jsdelivr.net/npm/scichart@4.0.933/index.min.js:0
[ 3626058ms] [ERROR] Cannot draw annotations before axes have been configured. Add axes first, or use suspendUpdates to pause drawing until axes are available. @ https://cdn.jsdelivr.net/npm/scichart@4.0.933/index.min.js:0
[ 3626058ms] [ERROR] Cannot draw annotations before axes have been configured. Add axes first, or use suspendUpdates to pause drawing until axes are available. @ https://cdn.jsdelivr.net/npm/scichart@4.0.933/index.min.js:0
[ 3626059ms] [ERROR] Cannot draw annotations before axes have been configured. Add axes first, or use suspendUpdates to pause drawing until axes are available. @ https://cdn.jsdelivr.net/npm/scichart@4.0.933/index.min.js:0
[ 3626059ms] [ERROR] Cannot draw annotations before axes have been configured. Add axes first, or use suspendUpdates to pause drawing until axes are available. @ https://cdn.jsdelivr.net/npm/scichart@4.0.933/index.min.js:0
[ 3626060ms] [ERROR] Cannot draw annotations before axes have been configured. Add axes first, or use suspendUpdates to pause drawing until axes are available. @ https://cdn.jsdelivr.net/npm/scichart@4.0.933/index.min.js:0
[ 3626060ms] [ERROR] Cannot draw annotations before axes have been configured. Add axes first, or use suspendUpdates to pause drawing until axes are available. @ https://cdn.jsdelivr.net/npm/scichart@4.0.933/index.min.js:0
[ 3626061ms] [ERROR] Cannot draw annotations before axes have been configured. Add axes first, or use suspendUpdates to pause drawing until axes are available. @ https://cdn.jsdelivr.net/npm/scichart@4.0.933/index.min.js:0
[ 3626061ms] [ERROR] Cannot draw annotations before axes have been configured. Add axes first, or use suspendUpdates to pause drawing until axes are available. @ https://cdn.jsdelivr.net/npm/scichart@4.0.933/index.min.js:0
[ 3626061ms] [ERROR] Cannot draw annotations before axes have been configured. Add axes first, or use suspendUpdates to pause drawing until axes are available. @ https://cdn.jsdelivr.net/npm/scichart@4.0.933/index.min.js:0
[ 3626061ms] [ERROR] Cannot draw annotations before axes have been configured. Add axes first, or use suspendUpdates to pause drawing until axes are available. @ https://cdn.jsdelivr.net/npm/scichart@4.0.933/index.min.js:0
[ 3626062ms] [ERROR] Cannot draw annotations before axes have been configured. Add axes first, or use suspendUpdates to pause drawing until axes are available. @ https://cdn.jsdelivr.net/npm/scichart@4.0.933/index.min.js:0
[ 3626062ms] [ERROR] Cannot draw annotations before axes have been configured. Add axes first, or use suspendUpdates to pause drawing until axes are available. @ https://cdn.jsdelivr.net/npm/scichart@4.0.933/index.min.js:0
[ 3626062ms] [ERROR] Cannot draw annotations before axes have been configured. Add axes first, or use suspendUpdates to pause drawing until axes are available. @ https://cdn.jsdelivr.net/npm/scichart@4.0.933/index.min.js:0
[ 3626063ms] [ERROR] Cannot draw annotations before axes have been configured. Add axes first, or use suspendUpdates to pause drawing until axes are available. @ https://cdn.jsdelivr.net/npm/scichart@4.0.933/index.min.js:0
[ 3626063ms] [ERROR] Cannot draw annotations before axes have been configured. Add axes first, or use suspendUpdates to pause drawing until axes are available. @ https://cdn.jsdelivr.net/npm/scichart@4.0.933/index.min.js:0
[ 3626063ms] [ERROR] Cannot draw annotations before axes have been configured. Add axes first, or use suspendUpdates to pause drawing until axes are available. @ https://cdn.jsdelivr.net/npm/scichart@4.0.933/index.min.js:0
[ 3626063ms] [ERROR] Cannot draw annotations before axes have been configured. Add axes first, or use suspendUpdates to pause drawing until axes are available. @ https://cdn.jsdelivr.net/npm/scichart@4.0.933/index.min.js:0
[ 3626063ms] [ERROR] Cannot draw annotations before axes have been configured. Add axes first, or use suspendUpdates to pause drawing until axes are available. @ https://cdn.jsdelivr.net/npm/scichart@4.0.933/index.min.js:0
[ 3626064ms] [ERROR] Cannot draw annotations before axes have been configured. Add axes first, or use suspendUpdates to pause drawing until axes are available. @ https://cdn.jsdelivr.net/npm/scichart@4.0.933/index.min.js:0
[ 3626064ms] [ERROR] Cannot draw annotations before axes have been configured. Add axes first, or use suspendUpdates to pause drawing until axes are available. @ https://cdn.jsdelivr.net/npm/scichart@4.0.933/index.min.js:0
[ 3626064ms] [ERROR] Cannot draw annotations before axes have been configured. Add axes first, or use suspendUpdates to pause drawing until axes are available. @ https://cdn.jsdelivr.net/npm/scichart@4.0.933/index.min.js:0
[ 3626064ms] [ERROR] Cannot draw annotations before axes have been configured. Add axes first, or use suspendUpdates to pause drawing until axes are available. @ https://cdn.jsdelivr.net/npm/scichart@4.0.933/index.min.js:0
[ 3626065ms] [ERROR] Cannot draw annotations before axes have been configured. Add axes first, or use suspendUpdates to pause drawing until axes are available. @ https://cdn.jsdelivr.net/npm/scichart@4.0.933/index.min.js:0
[ 3626065ms] [ERROR] Cannot draw annotations before axes have been configured. Add axes first, or use suspendUpdates to pause drawing until axes are available. @ https://cdn.jsdelivr.net/npm/scichart@4.0.933/index.min.js:0
[ 3626065ms] [ERROR] Cannot draw annotations before axes have been configured. Add axes first, or use suspendUpdates to pause drawing until axes are available. @ https://cdn.jsdelivr.net/npm/scichart@4.0.933/index.min.js:0
[ 3626065ms] [ERROR] Cannot draw annotations before axes have been configured. Add axes first, or use suspendUpdates to pause drawing until axes are available. @ https://cdn.jsdelivr.net/npm/scichart@4.0.933/index.min.js:0
[ 3626209ms] [ERROR] Cannot draw annotations before axes have been configured. Add axes first, or use suspendUpdates to pause drawing until axes are available. @ https://cdn.jsdelivr.net/npm/scichart@4.0.933/index.min.js:0
[ 3626210ms] [ERROR] Cannot draw annotations before axes have been configured. Add axes first, or use suspendUpdates to pause drawing until axes are available. @ https://cdn.jsdelivr.net/npm/scichart@4.0.933/index.min.js:0
[ 3626210ms] [ERROR] Cannot draw annotations before axes have been configured. Add axes first, or use suspendUpdates to pause drawing until axes are available. @ https://cdn.jsdelivr.net/npm/scichart@4.0.933/index.min.js:0
[ 3626210ms] [ERROR] Cannot draw annotations before axes have been configured. Add axes first, or use suspendUpdates to pause drawing until axes are available. @ https://cdn.jsdelivr.net/npm/scichart@4.0.933/index.min.js:0
[ 3626210ms] [ERROR] Cannot draw annotations before axes have been configured. Add axes first, or use suspendUpdates to pause drawing until axes are available. @ https://cdn.jsdelivr.net/npm/scichart@4.0.933/index.min.js:0
[ 3626211ms] [ERROR] Cannot draw annotations before axes have been configured. Add axes first, or use suspendUpdates to pause drawing until axes are available. @ https://cdn.jsdelivr.net/npm/scichart@4.0.933/index.min.js:0
[ 3626211ms] [ERROR] Cannot draw annotations before axes have been configured. Add axes first, or use suspendUpdates to pause drawing until axes are available. @ https://cdn.jsdelivr.net/npm/scichart@4.0.933/index.min.js:0
[ 3626211ms] [ERROR] Cannot draw annotations before axes have been configured. Add axes first, or use suspendUpdates to pause drawing until axes are available. @ https://cdn.jsdelivr.net/npm/scichart@4.0.933/index.min.js:0
[ 3626211ms] [ERROR] Cannot draw annotations before axes have been configured. Add axes first, or use suspendUpdates to pause drawing until axes are available. @ https://cdn.jsdelivr.net/npm/scichart@4.0.933/index.min.js:0
[ 3626211ms] [ERROR] Cannot draw annotations before axes have been configured. Add axes first, or use suspendUpdates to pause drawing until axes are available. @ https://cdn.jsdelivr.net/npm/scichart@4.0.933/index.min.js:0
[ 3626212ms] [ERROR] Cannot draw annotations before axes have been configured. Add axes first, or use suspendUpdates to pause drawing until axes are available. @ https://cdn.jsdelivr.net/npm/scichart@4.0.933/index.min.js:0
[ 3626212ms] [ERROR] Cannot draw annotations before axes have been configured. Add axes first, or use suspendUpdates to pause drawing until axes are available. @ https://cdn.jsdelivr.net/npm/scichart@4.0.933/index.min.js:0
[ 3626212ms] [ERROR] Cannot draw annotations before axes have been configured. Add axes first, or use suspendUpdates to pause drawing until axes are available. @ https://cdn.jsdelivr.net/npm/scichart@4.0.933/index.min.js:0
[ 3626212ms] [ERROR] Cannot draw annotations before axes have been configured. Add axes first, or use suspendUpdates to pause drawing until axes are available. @ https://cdn.jsdelivr.net/npm/scichart@4.0.933/index.min.js:0
[ 3626212ms] [ERROR] Cannot draw annotations before axes have been configured. Add axes first, or use suspendUpdates to pause drawing until axes are available. @ https://cdn.jsdelivr.net/npm/scichart@4.0.933/index.min.js:0
[ 3626213ms] [ERROR] Cannot draw annotations before axes have been configured. Add axes first, or use suspendUpdates to pause drawing until axes are available. @ https://cdn.jsdelivr.net/npm/scichart@4.0.933/index.min.js:0
[ 3626213ms] [ERROR] Cannot draw annotations before axes have been configured. Add axes first, or use suspendUpdates to pause drawing until axes are available. @ https://cdn.jsdelivr.net/npm/scichart@4.0.933/index.min.js:0
[ 3626213ms] [ERROR] Cannot draw annotations before axes have been configured. Add axes first, or use suspendUpdates to pause drawing until axes are available. @ https://cdn.jsdelivr.net/npm/scichart@4.0.933/index.min.js:0
[ 3626213ms] [ERROR] Cannot draw annotations before axes have been configured. Add axes first, or use suspendUpdates to pause drawing until axes are available. @ https://cdn.jsdelivr.net/npm/scichart@4.0.933/index.min.js:0
[ 3626214ms] [ERROR] Cannot draw annotations before axes have been configured. Add axes first, or use suspendUpdates to pause drawing until axes are available. @ https://cdn.jsdelivr.net/npm/scichart@4.0.933/index.min.js:0
[ 3626214ms] [ERROR] Cannot draw annotations before axes have been configured. Add axes first, or use suspendUpdates to pause drawing until axes are available. @ https://cdn.jsdelivr.net/npm/scichart@4.0.933/index.min.js:0
[ 3626214ms] [ERROR] Cannot draw annotations before axes have been configured. Add axes first, or use suspendUpdates to pause drawing until axes are available. @ https://cdn.jsdelivr.net/npm/scichart@4.0.933/index.min.js:0
[ 3626214ms] [ERROR] Cannot draw annotations before axes have been configured. Add axes first, or use suspendUpdates to pause drawing until axes are available. @ https://cdn.jsdelivr.net/npm/scichart@4.0.933/index.min.js:0
[ 3626215ms] [ERROR] Cannot draw annotations before axes have been configured. Add axes first, or use suspendUpdates to pause drawing until axes are available. @ https://cdn.jsdelivr.net/npm/scichart@4.0.933/index.min.js:0
[ 3626215ms] [ERROR] Cannot draw annotations before axes have been configured. Add axes first, or use suspendUpdates to pause drawing until axes are available. @ https://cdn.jsdelivr.net/npm/scichart@4.0.933/index.min.js:0
[ 3626215ms] [ERROR] Cannot draw annotations before axes have been configured. Add axes first, or use suspendUpdates to pause drawing until axes are available. @ https://cdn.jsdelivr.net/npm/scichart@4.0.933/index.min.js:0
[ 3626215ms] [ERROR] Cannot draw annotations before axes have been configured. Add axes first, or use suspendUpdates to pause drawing until axes are available. @ https://cdn.jsdelivr.net/npm/scichart@4.0.933/index.min.js:0
[ 3626215ms] [ERROR] Cannot draw annotations before axes have been configured. Add axes first, or use suspendUpdates to pause drawing until axes are available. @ https://cdn.jsdelivr.net/npm/scichart@4.0.933/index.min.js:0
[ 3626216ms] [ERROR] Cannot draw annotations before axes have been configured. Add axes first, or use suspendUpdates to pause drawing until axes are available. @ https://cdn.jsdelivr.net/npm/scichart@4.0.933/index.min.js:0
[ 3626216ms] [ERROR] Cannot draw annotations before axes have been configured. Add axes first, or use suspendUpdates to pause drawing until axes are available. @ https://cdn.jsdelivr.net/npm/scichart@4.0.933/index.min.js:0
[ 3626216ms] [ERROR] Cannot draw annotations before axes have been configured. Add axes first, or use suspendUpdates to pause drawing until axes are available. @ https://cdn.jsdelivr.net/npm/scichart@4.0.933/index.min.js:0
[ 3626216ms] [ERROR] Cannot draw annotations before axes have been configured. Add axes first, or use suspendUpdates to pause drawing until axes are available. @ https://cdn.jsdelivr.net/npm/scichart@4.0.933/index.min.js:0
[ 3626216ms] [ERROR] Cannot draw annotations before axes have been configured. Add axes first, or use suspendUpdates to pause drawing until axes are available. @ https://cdn.jsdelivr.net/npm/scichart@4.0.933/index.min.js:0
[ 3626217ms] [ERROR] Cannot draw annotations before axes have been configured. Add axes first, or use suspendUpdates to pause drawing until axes are available. @ https://cdn.jsdelivr.net/npm/scichart@4.0.933/index.min.js:0
[ 3626217ms] [ERROR] Cannot draw annotations before axes have been configured. Add axes first, or use suspendUpdates to pause drawing until axes are available. @ https://cdn.jsdelivr.net/npm/scichart@4.0.933/index.min.js:0
[ 3626217ms] [ERROR] Cannot draw annotations before axes have been configured. Add axes first, or use suspendUpdates to pause drawing until axes are available. @ https://cdn.jsdelivr.net/npm/scichart@4.0.933/index.min.js:0
[ 3626217ms] [ERROR] Cannot draw annotations before axes have been configured. Add axes first, or use suspendUpdates to pause drawing until axes are available. @ https://cdn.jsdelivr.net/npm/scichart@4.0.933/index.min.js:0
[ 3626217ms] [ERROR] Cannot draw annotations before axes have been configured. Add axes first, or use suspendUpdates to pause drawing until axes are available. @ https://cdn.jsdelivr.net/npm/scichart@4.0.933/index.min.js:0
[ 3626218ms] [ERROR] Cannot draw annotations before axes have been configured. Add axes first, or use suspendUpdates to pause drawing until axes are available. @ https://cdn.jsdelivr.net/npm/scichart@4.0.933/index.min.js:0
[ 3626218ms] [ERROR] Cannot draw annotations before axes have been configured. Add axes first, or use suspendUpdates to pause drawing until axes are available. @ https://cdn.jsdelivr.net/npm/scichart@4.0.933/index.min.js:0
[ 3626218ms] [ERROR] Cannot draw annotations before axes have been configured. Add axes first, or use suspendUpdates to pause drawing until axes are available. @ https://cdn.jsdelivr.net/npm/scichart@4.0.933/index.min.js:0
[ 3626218ms] [ERROR] Cannot draw annotations before axes have been configured. Add axes first, or use suspendUpdates to pause drawing until axes are available. @ https://cdn.jsdelivr.net/npm/scichart@4.0.933/index.min.js:0
[ 3626219ms] [ERROR] Cannot draw annotations before axes have been configured. Add axes first, or use suspendUpdates to pause drawing until axes are available. @ https://cdn.jsdelivr.net/npm/scichart@4.0.933/index.min.js:0
[ 3626219ms] [ERROR] Cannot draw annotations before axes have been configured. Add axes first, or use suspendUpdates to pause drawing until axes are available. @ https://cdn.jsdelivr.net/npm/scichart@4.0.933/index.min.js:0
[ 3626219ms] [ERROR] Cannot draw annotations before axes have been configured. Add axes first, or use suspendUpdates to pause drawing until axes are available. @ https://cdn.jsdelivr.net/npm/scichart@4.0.933/index.min.js:0
[ 3626219ms] [ERROR] Cannot draw annotations before axes have been configured. Add axes first, or use suspendUpdates to pause drawing until axes are available. @ https://cdn.jsdelivr.net/npm/scichart@4.0.933/index.min.js:0
[ 3626247ms] [ERROR] Cannot draw annotations before axes have been configured. Add axes first, or use suspendUpdates to pause drawing until axes are available. @ https://cdn.jsdelivr.net/npm/scichart@4.0.933/index.min.js:0
[ 3626247ms] [ERROR] Cannot draw annotations before axes have been configured. Add axes first, or use suspendUpdates to pause drawing until axes are available. @ https://cdn.jsdelivr.net/npm/scichart@4.0.933/index.min.js:0
[ 3626247ms] [ERROR] Cannot draw annotations before axes have been configured. Add axes first, or use suspendUpdates to pause drawing until axes are available. @ https://cdn.jsdelivr.net/npm/scichart@4.0.933/index.min.js:0
[ 3626248ms] [ERROR] Cannot draw annotations before axes have been configured. Add axes first, or use suspendUpdates to pause drawing until axes are available. @ https://cdn.jsdelivr.net/npm/scichart@4.0.933/index.min.js:0
[ 3626248ms] [ERROR] Cannot draw annotations before axes have been configured. Add axes first, or use suspendUpdates to pause drawing until axes are available. @ https://cdn.jsdelivr.net/npm/scichart@4.0.933/index.min.js:0
[ 3626248ms] [ERROR] Cannot draw annotations before axes have been configured. Add axes first, or use suspendUpdates to pause drawing until axes are available. @ https://cdn.jsdelivr.net/npm/scichart@4.0.933/index.min.js:0
[ 3626248ms] [ERROR] Cannot draw annotations before axes have been configured. Add axes first, or use suspendUpdates to pause drawing until axes are available. @ https://cdn.jsdelivr.net/npm/scichart@4.0.933/index.min.js:0
[ 3626248ms] [ERROR] Cannot draw annotations before axes have been configured. Add axes first, or use suspendUpdates to pause drawing until axes are available. @ https://cdn.jsdelivr.net/npm/scichart@4.0.933/index.min.js:0
[ 3626249ms] [ERROR] Cannot draw annotations before axes have been configured. Add axes first, or use suspendUpdates to pause drawing until axes are available. @ https://cdn.jsdelivr.net/npm/scichart@4.0.933/index.min.js:0
[ 3626249ms] [ERROR] Cannot draw annotations before axes have been configured. Add axes first, or use suspendUpdates to pause drawing until axes are available. @ https://cdn.jsdelivr.net/npm/scichart@4.0.933/index.min.js:0
[ 3626249ms] [ERROR] Cannot draw annotations before axes have been configured. Add axes first, or use suspendUpdates to pause drawing until axes are available. @ https://cdn.jsdelivr.net/npm/scichart@4.0.933/index.min.js:0
[ 3626249ms] [ERROR] Cannot draw annotations before axes have been configured. Add axes first, or use suspendUpdates to pause drawing until axes are available. @ https://cdn.jsdelivr.net/npm/scichart@4.0.933/index.min.js:0
[ 3626249ms] [ERROR] Cannot draw annotations before axes have been configured. Add axes first, or use suspendUpdates to pause drawing until axes are available. @ https://cdn.jsdelivr.net/npm/scichart@4.0.933/index.min.js:0
[ 3626250ms] [ERROR] Cannot draw annotations before axes have been configured. Add axes first, or use suspendUpdates to pause drawing until axes are available. @ https://cdn.jsdelivr.net/npm/scichart@4.0.933/index.min.js:0
[ 3626250ms] [ERROR] Cannot draw annotations before axes have been configured. Add axes first, or use suspendUpdates to pause drawing until axes are available. @ https://cdn.jsdelivr.net/npm/scichart@4.0.933/index.min.js:0
[ 3626250ms] [ERROR] Cannot draw annotations before axes have been configured. Add axes first, or use suspendUpdates to pause drawing until axes are available. @ https://cdn.jsdelivr.net/npm/scichart@4.0.933/index.min.js:0
[ 3626250ms] [ERROR] Cannot draw annotations before axes have been configured. Add axes first, or use suspendUpdates to pause drawing until axes are available. @ https://cdn.jsdelivr.net/npm/scichart@4.0.933/index.min.js:0
[ 3626250ms] [ERROR] Cannot draw annotations before axes have been configured. Add axes first, or use suspendUpdates to pause drawing until axes are available. @ https://cdn.jsdelivr.net/npm/scichart@4.0.933/index.min.js:0
[ 3626251ms] [ERROR] Cannot draw annotations before axes have been configured. Add axes first, or use suspendUpdates to pause drawing until axes are available. @ https://cdn.jsdelivr.net/npm/scichart@4.0.933/index.min.js:0
[ 3626251ms] [ERROR] Cannot draw annotations before axes have been configured. Add axes first, or use suspendUpdates to pause drawing until axes are available. @ https://cdn.jsdelivr.net/npm/scichart@4.0.933/index.min.js:0
[ 3626251ms] [ERROR] Cannot draw annotations before axes have been configured. Add axes first, or use suspendUpdates to pause drawing until axes are available. @ https://cdn.jsdelivr.net/npm/scichart@4.0.933/index.min.js:0
[ 3626251ms] [ERROR] Cannot draw annotations before axes have been configured. Add axes first, or use suspendUpdates to pause drawing until axes are available. @ https://cdn.jsdelivr.net/npm/scichart@4.0.933/index.min.js:0
[ 3626252ms] [ERROR] Cannot draw annotations before axes have been configured. Add axes first, or use suspendUpdates to pause drawing until axes are available. @ https://cdn.jsdelivr.net/npm/scichart@4.0.933/index.min.js:0
[ 3626252ms] [ERROR] Cannot draw annotations before axes have been configured. Add axes first, or use suspendUpdates to pause drawing until axes are available. @ https://cdn.jsdelivr.net/npm/scichart@4.0.933/index.min.js:0
[ 3626252ms] [ERROR] Cannot draw annotations before axes have been configured. Add axes first, or use suspendUpdates to pause drawing until axes are available. @ https://cdn.jsdelivr.net/npm/scichart@4.0.933/index.min.js:0
[ 3626253ms] [ERROR] Cannot draw annotations before axes have been configured. Add axes first, or use suspendUpdates to pause drawing until axes are available. @ https://cdn.jsdelivr.net/npm/scichart@4.0.933/index.min.js:0
[ 3626253ms] [ERROR] Cannot draw annotations before axes have been configured. Add axes first, or use suspendUpdates to pause drawing until axes are available. @ https://cdn.jsdelivr.net/npm/scichart@4.0.933/index.min.js:0
[ 3626253ms] [ERROR] Cannot draw annotations before axes have been configured. Add axes first, or use suspendUpdates to pause drawing until axes are available. @ https://cdn.jsdelivr.net/npm/scichart@4.0.933/index.min.js:0
[ 3626253ms] [ERROR] Cannot draw annotations before axes have been configured. Add axes first, or use suspendUpdates to pause drawing until axes are available. @ https://cdn.jsdelivr.net/npm/scichart@4.0.933/index.min.js:0
[ 3626253ms] [ERROR] Cannot draw annotations before axes have been configured. Add axes first, or use suspendUpdates to pause drawing until axes are available. @ https://cdn.jsdelivr.net/npm/scichart@4.0.933/index.min.js:0
[ 3626254ms] [ERROR] Cannot draw annotations before axes have been configured. Add axes first, or use suspendUpdates to pause drawing until axes are available. @ https://cdn.jsdelivr.net/npm/scichart@4.0.933/index.min.js:0
[ 3626254ms] [ERROR] Cannot draw annotations before axes have been configured. Add axes first, or use suspendUpdates to pause drawing until axes are available. @ https://cdn.jsdelivr.net/npm/scichart@4.0.933/index.min.js:0
[ 3626254ms] [ERROR] Cannot draw annotations before axes have been configured. Add axes first, or use suspendUpdates to pause drawing until axes are available. @ https://cdn.jsdelivr.net/npm/scichart@4.0.933/index.min.js:0
[ 3626254ms] [ERROR] Cannot draw annotations before axes have been configured. Add axes first, or use suspendUpdates to pause drawing until axes are available. @ https://cdn.jsdelivr.net/npm/scichart@4.0.933/index.min.js:0
[ 3626255ms] [ERROR] Cannot draw annotations before axes have been configured. Add axes first, or use suspendUpdates to pause drawing until axes are available. @ https://cdn.jsdelivr.net/npm/scichart@4.0.933/index.min.js:0
[ 3626255ms] [ERROR] Cannot draw annotations before axes have been configured. Add axes first, or use suspendUpdates to pause drawing until axes are available. @ https://cdn.jsdelivr.net/npm/scichart@4.0.933/index.min.js:0
[ 3626255ms] [ERROR] Cannot draw annotations before axes have been configured. Add axes first, or use suspendUpdates to pause drawing until axes are available. @ https://cdn.jsdelivr.net/npm/scichart@4.0.933/index.min.js:0
[ 3626255ms] [ERROR] Cannot draw annotations before axes have been configured. Add axes first, or use suspendUpdates to pause drawing until axes are available. @ https://cdn.jsdelivr.net/npm/scichart@4.0.933/index.min.js:0
[ 3626255ms] [ERROR] Cannot draw annotations before axes have been configured. Add axes first, or use suspendUpdates to pause drawing until axes are available. @ https://cdn.jsdelivr.net/npm/scichart@4.0.933/index.min.js:0
[ 3626256ms] [ERROR] Cannot draw annotations before axes have been configured. Add axes first, or use suspendUpdates to pause drawing until axes are available. @ https://cdn.jsdelivr.net/npm/scichart@4.0.933/index.min.js:0
[ 3626256ms] [ERROR] Cannot draw annotations before axes have been configured. Add axes first, or use suspendUpdates to pause drawing until axes are available. @ https://cdn.jsdelivr.net/npm/scichart@4.0.933/index.min.js:0
[ 3626256ms] [ERROR] Cannot draw annotations before axes have been configured. Add axes first, or use suspendUpdates to pause drawing until axes are available. @ https://cdn.jsdelivr.net/npm/scichart@4.0.933/index.min.js:0
[ 3626256ms] [ERROR] Cannot draw annotations before axes have been configured. Add axes first, or use suspendUpdates to pause drawing until axes are available. @ https://cdn.jsdelivr.net/npm/scichart@4.0.933/index.min.js:0
[ 3626256ms] [ERROR] Cannot draw annotations before axes have been configured. Add axes first, or use suspendUpdates to pause drawing until axes are available. @ https://cdn.jsdelivr.net/npm/scichart@4.0.933/index.min.js:0
[ 3626257ms] [ERROR] Cannot draw annotations before axes have been configured. Add axes first, or use suspendUpdates to pause drawing until axes are available. @ https://cdn.jsdelivr.net/npm/scichart@4.0.933/index.min.js:0
[ 3626257ms] [ERROR] Cannot draw annotations before axes have been configured. Add axes first, or use suspendUpdates to pause drawing until axes are available. @ https://cdn.jsdelivr.net/npm/scichart@4.0.933/index.min.js:0
[ 3626257ms] [ERROR] Cannot draw annotations before axes have been configured. Add axes first, or use suspendUpdates to pause drawing until axes are available. @ https://cdn.jsdelivr.net/npm/scichart@4.0.933/index.min.js:0
[ 3626257ms] [ERROR] Cannot draw annotations before axes have been configured. Add axes first, or use suspendUpdates to pause drawing until axes are available. @ https://cdn.jsdelivr.net/npm/scichart@4.0.933/index.min.js:0
[ 3632147ms] [ERROR] Cannot draw annotations before axes have been configured. Add axes first, or use suspendUpdates to pause drawing until axes are available. @ https://cdn.jsdelivr.net/npm/scichart@4.0.933/index.min.js:0
[ 3632148ms] [ERROR] Cannot draw annotations before axes have been configured. Add axes first, or use suspendUpdates to pause drawing until axes are available. @ https://cdn.jsdelivr.net/npm/scichart@4.0.933/index.min.js:0
[ 3632149ms] [ERROR] Cannot draw annotations before axes have been configured. Add axes first, or use suspendUpdates to pause drawing until axes are available. @ https://cdn.jsdelivr.net/npm/scichart@4.0.933/index.min.js:0
[ 3632149ms] [ERROR] Cannot draw annotations before axes have been configured. Add axes first, or use suspendUpdates to pause drawing until axes are available. @ https://cdn.jsdelivr.net/npm/scichart@4.0.933/index.min.js:0
[ 3632150ms] [ERROR] Cannot draw annotations before axes have been configured. Add axes first, or use suspendUpdates to pause drawing until axes are available. @ https://cdn.jsdelivr.net/npm/scichart@4.0.933/index.min.js:0
[ 3632150ms] [ERROR] Cannot draw annotations before axes have been configured. Add axes first, or use suspendUpdates to pause drawing until axes are available. @ https://cdn.jsdelivr.net/npm/scichart@4.0.933/index.min.js:0
[ 3632151ms] [ERROR] Cannot draw annotations before axes have been configured. Add axes first, or use suspendUpdates to pause drawing until axes are available. @ https://cdn.jsdelivr.net/npm/scichart@4.0.933/index.min.js:0
[ 3632151ms] [ERROR] Cannot draw annotations before axes have been configured. Add axes first, or use suspendUpdates to pause drawing until axes are available. @ https://cdn.jsdelivr.net/npm/scichart@4.0.933/index.min.js:0
[ 3632152ms] [ERROR] Cannot draw annotations before axes have been configured. Add axes first, or use suspendUpdates to pause drawing until axes are available. @ https://cdn.jsdelivr.net/npm/scichart@4.0.933/index.min.js:0
[ 3632152ms] [ERROR] Cannot draw annotations before axes have been configured. Add axes first, or use suspendUpdates to pause drawing until axes are available. @ https://cdn.jsdelivr.net/npm/scichart@4.0.933/index.min.js:0
[ 3632153ms] [ERROR] Cannot draw annotations before axes have been configured. Add axes first, or use suspendUpdates to pause drawing until axes are available. @ https://cdn.jsdelivr.net/npm/scichart@4.0.933/index.min.js:0
[ 3632153ms] [ERROR] Cannot draw annotations before axes have been configured. Add axes first, or use suspendUpdates to pause drawing until axes are available. @ https://cdn.jsdelivr.net/npm/scichart@4.0.933/index.min.js:0
[ 3632153ms] [ERROR] Cannot draw annotations before axes have been configured. Add axes first, or use suspendUpdates to pause drawing until axes are available. @ https://cdn.jsdelivr.net/npm/scichart@4.0.933/index.min.js:0
[ 3632153ms] [ERROR] Cannot draw annotations before axes have been configured. Add axes first, or use suspendUpdates to pause drawing until axes are available. @ https://cdn.jsdelivr.net/npm/scichart@4.0.933/index.min.js:0
[ 3632154ms] [ERROR] Cannot draw annotations before axes have been configured. Add axes first, or use suspendUpdates to pause drawing until axes are available. @ https://cdn.jsdelivr.net/npm/scichart@4.0.933/index.min.js:0
[ 3632154ms] [ERROR] Cannot draw annotations before axes have been configured. Add axes first, or use suspendUpdates to pause drawing until axes are available. @ https://cdn.jsdelivr.net/npm/scichart@4.0.933/index.min.js:0
[ 3632154ms] [ERROR] Cannot draw annotations before axes have been configured. Add axes first, or use suspendUpdates to pause drawing until axes are available. @ https://cdn.jsdelivr.net/npm/scichart@4.0.933/index.min.js:0
[ 3632154ms] [ERROR] Cannot draw annotations before axes have been configured. Add axes first, or use suspendUpdates to pause drawing until axes are available. @ https://cdn.jsdelivr.net/npm/scichart@4.0.933/index.min.js:0
[ 3632155ms] [ERROR] Cannot draw annotations before axes have been configured. Add axes first, or use suspendUpdates to pause drawing until axes are available. @ https://cdn.jsdelivr.net/npm/scichart@4.0.933/index.min.js:0
[ 3632155ms] [ERROR] Cannot draw annotations before axes have been configured. Add axes first, or use suspendUpdates to pause drawing until axes are available. @ https://cdn.jsdelivr.net/npm/scichart@4.0.933/index.min.js:0
[ 3632155ms] [ERROR] Cannot draw annotations before axes have been configured. Add axes first, or use suspendUpdates to pause drawing until axes are available. @ https://cdn.jsdelivr.net/npm/scichart@4.0.933/index.min.js:0
[ 3632155ms] [ERROR] Cannot draw annotations before axes have been configured. Add axes first, or use suspendUpdates to pause drawing until axes are available. @ https://cdn.jsdelivr.net/npm/scichart@4.0.933/index.min.js:0
[ 3632157ms] [ERROR] Cannot draw annotations before axes have been configured. Add axes first, or use suspendUpdates to pause drawing until axes are available. @ https://cdn.jsdelivr.net/npm/scichart@4.0.933/index.min.js:0
[ 3632157ms] [ERROR] Cannot draw annotations before axes have been configured. Add axes first, or use suspendUpdates to pause drawing until axes are available. @ https://cdn.jsdelivr.net/npm/scichart@4.0.933/index.min.js:0
[ 3632160ms] [ERROR] Cannot draw annotations before axes have been configured. Add axes first, or use suspendUpdates to pause drawing until axes are available. @ https://cdn.jsdelivr.net/npm/scichart@4.0.933/index.min.js:0
[ 3632160ms] [ERROR] Cannot draw annotations before axes have been configured. Add axes first, or use suspendUpdates to pause drawing until axes are available. @ https://cdn.jsdelivr.net/npm/scichart@4.0.933/index.min.js:0
[ 3632160ms] [ERROR] Cannot draw annotations before axes have been configured. Add axes first, or use suspendUpdates to pause drawing until axes are available. @ https://cdn.jsdelivr.net/npm/scichart@4.0.933/index.min.js:0
[ 3632161ms] [ERROR] Cannot draw annotations before axes have been configured. Add axes first, or use suspendUpdates to pause drawing until axes are available. @ https://cdn.jsdelivr.net/npm/scichart@4.0.933/index.min.js:0
[ 3632161ms] [ERROR] Cannot draw annotations before axes have been configured. Add axes first, or use suspendUpdates to pause drawing until axes are available. @ https://cdn.jsdelivr.net/npm/scichart@4.0.933/index.min.js:0
[ 3632161ms] [ERROR] Cannot draw annotations before axes have been configured. Add axes first, or use suspendUpdates to pause drawing until axes are available. @ https://cdn.jsdelivr.net/npm/scichart@4.0.933/index.min.js:0
[ 3632161ms] [ERROR] Cannot draw annotations before axes have been configured. Add axes first, or use suspendUpdates to pause drawing until axes are available. @ https://cdn.jsdelivr.net/npm/scichart@4.0.933/index.min.js:0
[ 3632161ms] [ERROR] Cannot draw annotations before axes have been configured. Add axes first, or use suspendUpdates to pause drawing until axes are available. @ https://cdn.jsdelivr.net/npm/scichart@4.0.933/index.min.js:0
[ 3632162ms] [ERROR] Cannot draw annotations before axes have been configured. Add axes first, or use suspendUpdates to pause drawing until axes are available. @ https://cdn.jsdelivr.net/npm/scichart@4.0.933/index.min.js:0
[ 3632162ms] [ERROR] Cannot draw annotations before axes have been configured. Add axes first, or use suspendUpdates to pause drawing until axes are available. @ https://cdn.jsdelivr.net/npm/scichart@4.0.933/index.min.js:0
[ 3632162ms] [ERROR] Cannot draw annotations before axes have been configured. Add axes first, or use suspendUpdates to pause drawing until axes are available. @ https://cdn.jsdelivr.net/npm/scichart@4.0.933/index.min.js:0
[ 3632162ms] [ERROR] Cannot draw annotations before axes have been configured. Add axes first, or use suspendUpdates to pause drawing until axes are available. @ https://cdn.jsdelivr.net/npm/scichart@4.0.933/index.min.js:0
[ 3632162ms] [ERROR] Cannot draw annotations before axes have been configured. Add axes first, or use suspendUpdates to pause drawing until axes are available. @ https://cdn.jsdelivr.net/npm/scichart@4.0.933/index.min.js:0
[ 3632163ms] [ERROR] Cannot draw annotations before axes have been configured. Add axes first, or use suspendUpdates to pause drawing until axes are available. @ https://cdn.jsdelivr.net/npm/scichart@4.0.933/index.min.js:0
[ 3632163ms] [ERROR] Cannot draw annotations before axes have been configured. Add axes first, or use suspendUpdates to pause drawing until axes are available. @ https://cdn.jsdelivr.net/npm/scichart@4.0.933/index.min.js:0
[ 3632163ms] [ERROR] Cannot draw annotations before axes have been configured. Add axes first, or use suspendUpdates to pause drawing until axes are available. @ https://cdn.jsdelivr.net/npm/scichart@4.0.933/index.min.js:0
[ 3632163ms] [ERROR] Cannot draw annotations before axes have been configured. Add axes first, or use suspendUpdates to pause drawing until axes are available. @ https://cdn.jsdelivr.net/npm/scichart@4.0.933/index.min.js:0
[ 3632163ms] [ERROR] Cannot draw annotations before axes have been configured. Add axes first, or use suspendUpdates to pause drawing until axes are available. @ https://cdn.jsdelivr.net/npm/scichart@4.0.933/index.min.js:0
[ 3632164ms] [ERROR] Cannot draw annotations before axes have been configured. Add axes first, or use suspendUpdates to pause drawing until axes are available. @ https://cdn.jsdelivr.net/npm/scichart@4.0.933/index.min.js:0
[ 3632164ms] [ERROR] Cannot draw annotations before axes have been configured. Add axes first, or use suspendUpdates to pause drawing until axes are available. @ https://cdn.jsdelivr.net/npm/scichart@4.0.933/index.min.js:0
[ 3632164ms] [ERROR] Cannot draw annotations before axes have been configured. Add axes first, or use suspendUpdates to pause drawing until axes are available. @ https://cdn.jsdelivr.net/npm/scichart@4.0.933/index.min.js:0
[ 3632164ms] [ERROR] Cannot draw annotations before axes have been configured. Add axes first, or use suspendUpdates to pause drawing until axes are available. @ https://cdn.jsdelivr.net/npm/scichart@4.0.933/index.min.js:0
[ 3632164ms] [ERROR] Cannot draw annotations before axes have been configured. Add axes first, or use suspendUpdates to pause drawing until axes are available. @ https://cdn.jsdelivr.net/npm/scichart@4.0.933/index.min.js:0
[ 3632165ms] [ERROR] Cannot draw annotations before axes have been configured. Add axes first, or use suspendUpdates to pause drawing until axes are available. @ https://cdn.jsdelivr.net/npm/scichart@4.0.933/index.min.js:0
[ 3632165ms] [ERROR] Cannot draw annotations before axes have been configured. Add axes first, or use suspendUpdates to pause drawing until axes are available. @ https://cdn.jsdelivr.net/npm/scichart@4.0.933/index.min.js:0
[ 3632453ms] [ERROR] Cannot draw annotations before axes have been configured. Add axes first, or use suspendUpdates to pause drawing until axes are available. @ https://cdn.jsdelivr.net/npm/scichart@4.0.933/index.min.js:0
[ 3632453ms] [ERROR] Cannot draw annotations before axes have been configured. Add axes first, or use suspendUpdates to pause drawing until axes are available. @ https://cdn.jsdelivr.net/npm/scichart@4.0.933/index.min.js:0
[ 3632453ms] [ERROR] Cannot draw annotations before axes have been configured. Add axes first, or use suspendUpdates to pause drawing until axes are available. @ https://cdn.jsdelivr.net/npm/scichart@4.0.933/index.min.js:0
[ 3632453ms] [ERROR] Cannot draw annotations before axes have been configured. Add axes first, or use suspendUpdates to pause drawing until axes are available. @ https://cdn.jsdelivr.net/npm/scichart@4.0.933/index.min.js:0
[ 3632454ms] [ERROR] Cannot draw annotations before axes have been configured. Add axes first, or use suspendUpdates to pause drawing until axes are available. @ https://cdn.jsdelivr.net/npm/scichart@4.0.933/index.min.js:0
[ 3632454ms] [ERROR] Cannot draw annotations before axes have been configured. Add axes first, or use suspendUpdates to pause drawing until axes are available. @ https://cdn.jsdelivr.net/npm/scichart@4.0.933/index.min.js:0
[ 3632454ms] [ERROR] Cannot draw annotations before axes have been configured. Add axes first, or use suspendUpdates to pause drawing until axes are available. @ https://cdn.jsdelivr.net/npm/scichart@4.0.933/index.min.js:0
[ 3632455ms] [ERROR] Cannot draw annotations before axes have been configured. Add axes first, or use suspendUpdates to pause drawing until axes are available. @ https://cdn.jsdelivr.net/npm/scichart@4.0.933/index.min.js:0
[ 3632456ms] [ERROR] Cannot draw annotations before axes have been configured. Add axes first, or use suspendUpdates to pause drawing until axes are available. @ https://cdn.jsdelivr.net/npm/scichart@4.0.933/index.min.js:0
[ 3632457ms] [ERROR] Cannot draw annotations before axes have been configured. Add axes first, or use suspendUpdates to pause drawing until axes are available. @ https://cdn.jsdelivr.net/npm/scichart@4.0.933/index.min.js:0
[ 3632458ms] [ERROR] Cannot draw annotations before axes have been configured. Add axes first, or use suspendUpdates to pause drawing until axes are available. @ https://cdn.jsdelivr.net/npm/scichart@4.0.933/index.min.js:0
[ 3632458ms] [ERROR] Cannot draw annotations before axes have been configured. Add axes first, or use suspendUpdates to pause drawing until axes are available. @ https://cdn.jsdelivr.net/npm/scichart@4.0.933/index.min.js:0
[ 3632458ms] [ERROR] Cannot draw annotations before axes have been configured. Add axes first, or use suspendUpdates to pause drawing until axes are available. @ https://cdn.jsdelivr.net/npm/scichart@4.0.933/index.min.js:0
[ 3632459ms] [ERROR] Cannot draw annotations before axes have been configured. Add axes first, or use suspendUpdates to pause drawing until axes are available. @ https://cdn.jsdelivr.net/npm/scichart@4.0.933/index.min.js:0
[ 3632459ms] [ERROR] Cannot draw annotations before axes have been configured. Add axes first, or use suspendUpdates to pause drawing until axes are available. @ https://cdn.jsdelivr.net/npm/scichart@4.0.933/index.min.js:0
[ 3632459ms] [ERROR] Cannot draw annotations before axes have been configured. Add axes first, or use suspendUpdates to pause drawing until axes are available. @ https://cdn.jsdelivr.net/npm/scichart@4.0.933/index.min.js:0
[ 3632459ms] [ERROR] Cannot draw annotations before axes have been configured. Add axes first, or use suspendUpdates to pause drawing until axes are available. @ https://cdn.jsdelivr.net/npm/scichart@4.0.933/index.min.js:0
[ 3632460ms] [ERROR] Cannot draw annotations before axes have been configured. Add axes first, or use suspendUpdates to pause drawing until axes are available. @ https://cdn.jsdelivr.net/npm/scichart@4.0.933/index.min.js:0
[ 3632460ms] [ERROR] Cannot draw annotations before axes have been configured. Add axes first, or use suspendUpdates to pause drawing until axes are available. @ https://cdn.jsdelivr.net/npm/scichart@4.0.933/index.min.js:0
[ 3632460ms] [ERROR] Cannot draw annotations before axes have been configured. Add axes first, or use suspendUpdates to pause drawing until axes are available. @ https://cdn.jsdelivr.net/npm/scichart@4.0.933/index.min.js:0
[ 3632460ms] [ERROR] Cannot draw annotations before axes have been configured. Add axes first, or use suspendUpdates to pause drawing until axes are available. @ https://cdn.jsdelivr.net/npm/scichart@4.0.933/index.min.js:0
[ 3632460ms] [ERROR] Cannot draw annotations before axes have been configured. Add axes first, or use suspendUpdates to pause drawing until axes are available. @ https://cdn.jsdelivr.net/npm/scichart@4.0.933/index.min.js:0
[ 3632461ms] [ERROR] Cannot draw annotations before axes have been configured. Add axes first, or use suspendUpdates to pause drawing until axes are available. @ https://cdn.jsdelivr.net/npm/scichart@4.0.933/index.min.js:0
[ 3632461ms] [ERROR] Cannot draw annotations before axes have been configured. Add axes first, or use suspendUpdates to pause drawing until axes are available. @ https://cdn.jsdelivr.net/npm/scichart@4.0.933/index.min.js:0
[ 3632461ms] [ERROR] Cannot draw annotations before axes have been configured. Add axes first, or use suspendUpdates to pause drawing until axes are available. @ https://cdn.jsdelivr.net/npm/scichart@4.0.933/index.min.js:0
[ 3632461ms] [ERROR] Cannot draw annotations before axes have been configured. Add axes first, or use suspendUpdates to pause drawing until axes are available. @ https://cdn.jsdelivr.net/npm/scichart@4.0.933/index.min.js:0
[ 3632462ms] [ERROR] Cannot draw annotations before axes have been configured. Add axes first, or use suspendUpdates to pause drawing until axes are available. @ https://cdn.jsdelivr.net/npm/scichart@4.0.933/index.min.js:0
[ 3632462ms] [ERROR] Cannot draw annotations before axes have been configured. Add axes first, or use suspendUpdates to pause drawing until axes are available. @ https://cdn.jsdelivr.net/npm/scichart@4.0.933/index.min.js:0
[ 3632462ms] [ERROR] Cannot draw annotations before axes have been configured. Add axes first, or use suspendUpdates to pause drawing until axes are available. @ https://cdn.jsdelivr.net/npm/scichart@4.0.933/index.min.js:0
[ 3632462ms] [ERROR] Cannot draw annotations before axes have been configured. Add axes first, or use suspendUpdates to pause drawing until axes are available. @ https://cdn.jsdelivr.net/npm/scichart@4.0.933/index.min.js:0
[ 3632463ms] [ERROR] Cannot draw annotations before axes have been configured. Add axes first, or use suspendUpdates to pause drawing until axes are available. @ https://cdn.jsdelivr.net/npm/scichart@4.0.933/index.min.js:0
[ 3632463ms] [ERROR] Cannot draw annotations before axes have been configured. Add axes first, or use suspendUpdates to pause drawing until axes are available. @ https://cdn.jsdelivr.net/npm/scichart@4.0.933/index.min.js:0
[ 3632463ms] [ERROR] Cannot draw annotations before axes have been configured. Add axes first, or use suspendUpdates to pause drawing until axes are available. @ https://cdn.jsdelivr.net/npm/scichart@4.0.933/index.min.js:0
[ 3632463ms] [ERROR] Cannot draw annotations before axes have been configured. Add axes first, or use suspendUpdates to pause drawing until axes are available. @ https://cdn.jsdelivr.net/npm/scichart@4.0.933/index.min.js:0
[ 3632463ms] [ERROR] Cannot draw annotations before axes have been configured. Add axes first, or use suspendUpdates to pause drawing until axes are available. @ https://cdn.jsdelivr.net/npm/scichart@4.0.933/index.min.js:0
[ 3632464ms] [ERROR] Cannot draw annotations before axes have been configured. Add axes first, or use suspendUpdates to pause drawing until axes are available. @ https://cdn.jsdelivr.net/npm/scichart@4.0.933/index.min.js:0
[ 3632464ms] [ERROR] Cannot draw annotations before axes have been configured. Add axes first, or use suspendUpdates to pause drawing until axes are available. @ https://cdn.jsdelivr.net/npm/scichart@4.0.933/index.min.js:0
[ 3632464ms] [ERROR] Cannot draw annotations before axes have been configured. Add axes first, or use suspendUpdates to pause drawing until axes are available. @ https://cdn.jsdelivr.net/npm/scichart@4.0.933/index.min.js:0
[ 3632464ms] [ERROR] Cannot draw annotations before axes have been configured. Add axes first, or use suspendUpdates to pause drawing until axes are available. @ https://cdn.jsdelivr.net/npm/scichart@4.0.933/index.min.js:0
[ 3632464ms] [ERROR] Cannot draw annotations before axes have been configured. Add axes first, or use suspendUpdates to pause drawing until axes are available. @ https://cdn.jsdelivr.net/npm/scichart@4.0.933/index.min.js:0
[ 3632465ms] [ERROR] Cannot draw annotations before axes have been configured. Add axes first, or use suspendUpdates to pause drawing until axes are available. @ https://cdn.jsdelivr.net/npm/scichart@4.0.933/index.min.js:0
[ 3632465ms] [ERROR] Cannot draw annotations before axes have been configured. Add axes first, or use suspendUpdates to pause drawing until axes are available. @ https://cdn.jsdelivr.net/npm/scichart@4.0.933/index.min.js:0
[ 3632465ms] [ERROR] Cannot draw annotations before axes have been configured. Add axes first, or use suspendUpdates to pause drawing until axes are available. @ https://cdn.jsdelivr.net/npm/scichart@4.0.933/index.min.js:0
[ 3632465ms] [ERROR] Cannot draw annotations before axes have been configured. Add axes first, or use suspendUpdates to pause drawing until axes are available. @ https://cdn.jsdelivr.net/npm/scichart@4.0.933/index.min.js:0
[ 3632466ms] [ERROR] Cannot draw annotations before axes have been configured. Add axes first, or use suspendUpdates to pause drawing until axes are available. @ https://cdn.jsdelivr.net/npm/scichart@4.0.933/index.min.js:0
[ 3632466ms] [ERROR] Cannot draw annotations before axes have been configured. Add axes first, or use suspendUpdates to pause drawing until axes are available. @ https://cdn.jsdelivr.net/npm/scichart@4.0.933/index.min.js:0
[ 3632466ms] [ERROR] Cannot draw annotations before axes have been configured. Add axes first, or use suspendUpdates to pause drawing until axes are available. @ https://cdn.jsdelivr.net/npm/scichart@4.0.933/index.min.js:0
[ 3632466ms] [ERROR] Cannot draw annotations before axes have been configured. Add axes first, or use suspendUpdates to pause drawing until axes are available. @ https://cdn.jsdelivr.net/npm/scichart@4.0.933/index.min.js:0
[ 3632466ms] [ERROR] Cannot draw annotations before axes have been configured. Add axes first, or use suspendUpdates to pause drawing until axes are available. @ https://cdn.jsdelivr.net/npm/scichart@4.0.933/index.min.js:0
[ 3632467ms] [ERROR] Cannot draw annotations before axes have been configured. Add axes first, or use suspendUpdates to pause drawing until axes are available. @ https://cdn.jsdelivr.net/npm/scichart@4.0.933/index.min.js:0
[ 3632495ms] [ERROR] Cannot draw annotations before axes have been configured. Add axes first, or use suspendUpdates to pause drawing until axes are available. @ https://cdn.jsdelivr.net/npm/scichart@4.0.933/index.min.js:0
[ 3632495ms] [ERROR] Cannot draw annotations before axes have been configured. Add axes first, or use suspendUpdates to pause drawing until axes are available. @ https://cdn.jsdelivr.net/npm/scichart@4.0.933/index.min.js:0
[ 3632495ms] [ERROR] Cannot draw annotations before axes have been configured. Add axes first, or use suspendUpdates to pause drawing until axes are available. @ https://cdn.jsdelivr.net/npm/scichart@4.0.933/index.min.js:0
[ 3632496ms] [ERROR] Cannot draw annotations before axes have been configured. Add axes first, or use suspendUpdates to pause drawing until axes are available. @ https://cdn.jsdelivr.net/npm/scichart@4.0.933/index.min.js:0
[ 3632496ms] [ERROR] Cannot draw annotations before axes have been configured. Add axes first, or use suspendUpdates to pause drawing until axes are available. @ https://cdn.jsdelivr.net/npm/scichart@4.0.933/index.min.js:0
[ 3632496ms] [ERROR] Cannot draw annotations before axes have been configured. Add axes first, or use suspendUpdates to pause drawing until axes are available. @ https://cdn.jsdelivr.net/npm/scichart@4.0.933/index.min.js:0
[ 3632497ms] [ERROR] Cannot draw annotations before axes have been configured. Add axes first, or use suspendUpdates to pause drawing until axes are available. @ https://cdn.jsdelivr.net/npm/scichart@4.0.933/index.min.js:0
[ 3632497ms] [ERROR] Cannot draw annotations before axes have been configured. Add axes first, or use suspendUpdates to pause drawing until axes are available. @ https://cdn.jsdelivr.net/npm/scichart@4.0.933/index.min.js:0
[ 3632497ms] [ERROR] Cannot draw annotations before axes have been configured. Add axes first, or use suspendUpdates to pause drawing until axes are available. @ https://cdn.jsdelivr.net/npm/scichart@4.0.933/index.min.js:0
[ 3632498ms] [ERROR] Cannot draw annotations before axes have been configured. Add axes first, or use suspendUpdates to pause drawing until axes are available. @ https://cdn.jsdelivr.net/npm/scichart@4.0.933/index.min.js:0
[ 3632498ms] [ERROR] Cannot draw annotations before axes have been configured. Add axes first, or use suspendUpdates to pause drawing until axes are available. @ https://cdn.jsdelivr.net/npm/scichart@4.0.933/index.min.js:0
[ 3632498ms] [ERROR] Cannot draw annotations before axes have been configured. Add axes first, or use suspendUpdates to pause drawing until axes are available. @ https://cdn.jsdelivr.net/npm/scichart@4.0.933/index.min.js:0
[ 3632498ms] [ERROR] Cannot draw annotations before axes have been configured. Add axes first, or use suspendUpdates to pause drawing until axes are available. @ https://cdn.jsdelivr.net/npm/scichart@4.0.933/index.min.js:0
[ 3632499ms] [ERROR] Cannot draw annotations before axes have been configured. Add axes first, or use suspendUpdates to pause drawing until axes are available. @ https://cdn.jsdelivr.net/npm/scichart@4.0.933/index.min.js:0
[ 3632499ms] [ERROR] Cannot draw annotations before axes have been configured. Add axes first, or use suspendUpdates to pause drawing until axes are available. @ https://cdn.jsdelivr.net/npm/scichart@4.0.933/index.min.js:0
[ 3632499ms] [ERROR] Cannot draw annotations before axes have been configured. Add axes first, or use suspendUpdates to pause drawing until axes are available. @ https://cdn.jsdelivr.net/npm/scichart@4.0.933/index.min.js:0
[ 3632499ms] [ERROR] Cannot draw annotations before axes have been configured. Add axes first, or use suspendUpdates to pause drawing until axes are available. @ https://cdn.jsdelivr.net/npm/scichart@4.0.933/index.min.js:0
[ 3632500ms] [ERROR] Cannot draw annotations before axes have been configured. Add axes first, or use suspendUpdates to pause drawing until axes are available. @ https://cdn.jsdelivr.net/npm/scichart@4.0.933/index.min.js:0
[ 3632500ms] [ERROR] Cannot draw annotations before axes have been configured. Add axes first, or use suspendUpdates to pause drawing until axes are available. @ https://cdn.jsdelivr.net/npm/scichart@4.0.933/index.min.js:0
[ 3632500ms] [ERROR] Cannot draw annotations before axes have been configured. Add axes first, or use suspendUpdates to pause drawing until axes are available. @ https://cdn.jsdelivr.net/npm/scichart@4.0.933/index.min.js:0
[ 3632500ms] [ERROR] Cannot draw annotations before axes have been configured. Add axes first, or use suspendUpdates to pause drawing until axes are available. @ https://cdn.jsdelivr.net/npm/scichart@4.0.933/index.min.js:0
[ 3632501ms] [ERROR] Cannot draw annotations before axes have been configured. Add axes first, or use suspendUpdates to pause drawing until axes are available. @ https://cdn.jsdelivr.net/npm/scichart@4.0.933/index.min.js:0
[ 3632501ms] [ERROR] Cannot draw annotations before axes have been configured. Add axes first, or use suspendUpdates to pause drawing until axes are available. @ https://cdn.jsdelivr.net/npm/scichart@4.0.933/index.min.js:0
[ 3632501ms] [ERROR] Cannot draw annotations before axes have been configured. Add axes first, or use suspendUpdates to pause drawing until axes are available. @ https://cdn.jsdelivr.net/npm/scichart@4.0.933/index.min.js:0
[ 3632501ms] [ERROR] Cannot draw annotations before axes have been configured. Add axes first, or use suspendUpdates to pause drawing until axes are available. @ https://cdn.jsdelivr.net/npm/scichart@4.0.933/index.min.js:0
[ 3632502ms] [ERROR] Cannot draw annotations before axes have been configured. Add axes first, or use suspendUpdates to pause drawing until axes are available. @ https://cdn.jsdelivr.net/npm/scichart@4.0.933/index.min.js:0
[ 3632503ms] [ERROR] Cannot draw annotations before axes have been configured. Add axes first, or use suspendUpdates to pause drawing until axes are available. @ https://cdn.jsdelivr.net/npm/scichart@4.0.933/index.min.js:0
[ 3632503ms] [ERROR] Cannot draw annotations before axes have been configured. Add axes first, or use suspendUpdates to pause drawing until axes are available. @ https://cdn.jsdelivr.net/npm/scichart@4.0.933/index.min.js:0
[ 3632503ms] [ERROR] Cannot draw annotations before axes have been configured. Add axes first, or use suspendUpdates to pause drawing until axes are available. @ https://cdn.jsdelivr.net/npm/scichart@4.0.933/index.min.js:0
[ 3632504ms] [ERROR] Cannot draw annotations before axes have been configured. Add axes first, or use suspendUpdates to pause drawing until axes are available. @ https://cdn.jsdelivr.net/npm/scichart@4.0.933/index.min.js:0
[ 3632504ms] [ERROR] Cannot draw annotations before axes have been configured. Add axes first, or use suspendUpdates to pause drawing until axes are available. @ https://cdn.jsdelivr.net/npm/scichart@4.0.933/index.min.js:0
[ 3632504ms] [ERROR] Cannot draw annotations before axes have been configured. Add axes first, or use suspendUpdates to pause drawing until axes are available. @ https://cdn.jsdelivr.net/npm/scichart@4.0.933/index.min.js:0
[ 3632504ms] [ERROR] Cannot draw annotations before axes have been configured. Add axes first, or use suspendUpdates to pause drawing until axes are available. @ https://cdn.jsdelivr.net/npm/scichart@4.0.933/index.min.js:0
[ 3632505ms] [ERROR] Cannot draw annotations before axes have been configured. Add axes first, or use suspendUpdates to pause drawing until axes are available. @ https://cdn.jsdelivr.net/npm/scichart@4.0.933/index.min.js:0
[ 3632505ms] [ERROR] Cannot draw annotations before axes have been configured. Add axes first, or use suspendUpdates to pause drawing until axes are available. @ https://cdn.jsdelivr.net/npm/scichart@4.0.933/index.min.js:0
[ 3632505ms] [ERROR] Cannot draw annotations before axes have been configured. Add axes first, or use suspendUpdates to pause drawing until axes are available. @ https://cdn.jsdelivr.net/npm/scichart@4.0.933/index.min.js:0
[ 3632505ms] [ERROR] Cannot draw annotations before axes have been configured. Add axes first, or use suspendUpdates to pause drawing until axes are available. @ https://cdn.jsdelivr.net/npm/scichart@4.0.933/index.min.js:0
[ 3632505ms] [ERROR] Cannot draw annotations before axes have been configured. Add axes first, or use suspendUpdates to pause drawing until axes are available. @ https://cdn.jsdelivr.net/npm/scichart@4.0.933/index.min.js:0
[ 3632506ms] [ERROR] Cannot draw annotations before axes have been configured. Add axes first, or use suspendUpdates to pause drawing until axes are available. @ https://cdn.jsdelivr.net/npm/scichart@4.0.933/index.min.js:0
[ 3632506ms] [ERROR] Cannot draw annotations before axes have been configured. Add axes first, or use suspendUpdates to pause drawing until axes are available. @ https://cdn.jsdelivr.net/npm/scichart@4.0.933/index.min.js:0
[ 3632506ms] [ERROR] Cannot draw annotations before axes have been configured. Add axes first, or use suspendUpdates to pause drawing until axes are available. @ https://cdn.jsdelivr.net/npm/scichart@4.0.933/index.min.js:0
[ 3632506ms] [ERROR] Cannot draw annotations before axes have been configured. Add axes first, or use suspendUpdates to pause drawing until axes are available. @ https://cdn.jsdelivr.net/npm/scichart@4.0.933/index.min.js:0
[ 3632507ms] [ERROR] Cannot draw annotations before axes have been configured. Add axes first, or use suspendUpdates to pause drawing until axes are available. @ https://cdn.jsdelivr.net/npm/scichart@4.0.933/index.min.js:0
[ 3632507ms] [ERROR] Cannot draw annotations before axes have been configured. Add axes first, or use suspendUpdates to pause drawing until axes are available. @ https://cdn.jsdelivr.net/npm/scichart@4.0.933/index.min.js:0
[ 3632507ms] [ERROR] Cannot draw annotations before axes have been configured. Add axes first, or use suspendUpdates to pause drawing until axes are available. @ https://cdn.jsdelivr.net/npm/scichart@4.0.933/index.min.js:0
[ 3632507ms] [ERROR] Cannot draw annotations before axes have been configured. Add axes first, or use suspendUpdates to pause drawing until axes are available. @ https://cdn.jsdelivr.net/npm/scichart@4.0.933/index.min.js:0
[ 3632508ms] [ERROR] Cannot draw annotations before axes have been configured. Add axes first, or use suspendUpdates to pause drawing until axes are available. @ https://cdn.jsdelivr.net/npm/scichart@4.0.933/index.min.js:0
[ 3632508ms] [ERROR] Cannot draw annotations before axes have been configured. Add axes first, or use suspendUpdates to pause drawing until axes are available. @ https://cdn.jsdelivr.net/npm/scichart@4.0.933/index.min.js:0
[ 3632508ms] [ERROR] Cannot draw annotations before axes have been configured. Add axes first, or use suspendUpdates to pause drawing until axes are available. @ https://cdn.jsdelivr.net/npm/scichart@4.0.933/index.min.js:0
[ 3632508ms] [ERROR] Cannot draw annotations before axes have been configured. Add axes first, or use suspendUpdates to pause drawing until axes are available. @ https://cdn.jsdelivr.net/npm/scichart@4.0.933/index.min.js:0
[ 3632508ms] [ERROR] Cannot draw annotations before axes have been configured. Add axes first, or use suspendUpdates to pause drawing until axes are available. @ https://cdn.jsdelivr.net/npm/scichart@4.0.933/index.min.js:0
[ 3632509ms] [ERROR] Cannot draw annotations before axes have been configured. Add axes first, or use suspendUpdates to pause drawing until axes are available. @ https://cdn.jsdelivr.net/npm/scichart@4.0.933/index.min.js:0
[ 3638418ms] [ERROR] Cannot draw annotations before axes have been configured. Add axes first, or use suspendUpdates to pause drawing until axes are available. @ https://cdn.jsdelivr.net/npm/scichart@4.0.933/index.min.js:0
[ 3638420ms] [ERROR] Cannot draw annotations before axes have been configured. Add axes first, or use suspendUpdates to pause drawing until axes are available. @ https://cdn.jsdelivr.net/npm/scichart@4.0.933/index.min.js:0
[ 3638421ms] [ERROR] Cannot draw annotations before axes have been configured. Add axes first, or use suspendUpdates to pause drawing until axes are available. @ https://cdn.jsdelivr.net/npm/scichart@4.0.933/index.min.js:0
[ 3638421ms] [ERROR] Cannot draw annotations before axes have been configured. Add axes first, or use suspendUpdates to pause drawing until axes are available. @ https://cdn.jsdelivr.net/npm/scichart@4.0.933/index.min.js:0
[ 3638421ms] [ERROR] Cannot draw annotations before axes have been configured. Add axes first, or use suspendUpdates to pause drawing until axes are available. @ https://cdn.jsdelivr.net/npm/scichart@4.0.933/index.min.js:0
[ 3638421ms] [ERROR] Cannot draw annotations before axes have been configured. Add axes first, or use suspendUpdates to pause drawing until axes are available. @ https://cdn.jsdelivr.net/npm/scichart@4.0.933/index.min.js:0
[ 3638422ms] [ERROR] Cannot draw annotations before axes have been configured. Add axes first, or use suspendUpdates to pause drawing until axes are available. @ https://cdn.jsdelivr.net/npm/scichart@4.0.933/index.min.js:0
[ 3638422ms] [ERROR] Cannot draw annotations before axes have been configured. Add axes first, or use suspendUpdates to pause drawing until axes are available. @ https://cdn.jsdelivr.net/npm/scichart@4.0.933/index.min.js:0
[ 3638422ms] [ERROR] Cannot draw annotations before axes have been configured. Add axes first, or use suspendUpdates to pause drawing until axes are available. @ https://cdn.jsdelivr.net/npm/scichart@4.0.933/index.min.js:0
[ 3638422ms] [ERROR] Cannot draw annotations before axes have been configured. Add axes first, or use suspendUpdates to pause drawing until axes are available. @ https://cdn.jsdelivr.net/npm/scichart@4.0.933/index.min.js:0
[ 3638422ms] [ERROR] Cannot draw annotations before axes have been configured. Add axes first, or use suspendUpdates to pause drawing until axes are available. @ https://cdn.jsdelivr.net/npm/scichart@4.0.933/index.min.js:0
[ 3638423ms] [ERROR] Cannot draw annotations before axes have been configured. Add axes first, or use suspendUpdates to pause drawing until axes are available. @ https://cdn.jsdelivr.net/npm/scichart@4.0.933/index.min.js:0
[ 3638423ms] [ERROR] Cannot draw annotations before axes have been configured. Add axes first, or use suspendUpdates to pause drawing until axes are available. @ https://cdn.jsdelivr.net/npm/scichart@4.0.933/index.min.js:0
[ 3638423ms] [ERROR] Cannot draw annotations before axes have been configured. Add axes first, or use suspendUpdates to pause drawing until axes are available. @ https://cdn.jsdelivr.net/npm/scichart@4.0.933/index.min.js:0
[ 3638423ms] [ERROR] Cannot draw annotations before axes have been configured. Add axes first, or use suspendUpdates to pause drawing until axes are available. @ https://cdn.jsdelivr.net/npm/scichart@4.0.933/index.min.js:0
[ 3638424ms] [ERROR] Cannot draw annotations before axes have been configured. Add axes first, or use suspendUpdates to pause drawing until axes are available. @ https://cdn.jsdelivr.net/npm/scichart@4.0.933/index.min.js:0
[ 3638424ms] [ERROR] Cannot draw annotations before axes have been configured. Add axes first, or use suspendUpdates to pause drawing until axes are available. @ https://cdn.jsdelivr.net/npm/scichart@4.0.933/index.min.js:0
[ 3638424ms] [ERROR] Cannot draw annotations before axes have been configured. Add axes first, or use suspendUpdates to pause drawing until axes are available. @ https://cdn.jsdelivr.net/npm/scichart@4.0.933/index.min.js:0
[ 3638424ms] [ERROR] Cannot draw annotations before axes have been configured. Add axes first, or use suspendUpdates to pause drawing until axes are available. @ https://cdn.jsdelivr.net/npm/scichart@4.0.933/index.min.js:0
[ 3638424ms] [ERROR] Cannot draw annotations before axes have been configured. Add axes first, or use suspendUpdates to pause drawing until axes are available. @ https://cdn.jsdelivr.net/npm/scichart@4.0.933/index.min.js:0
[ 3638425ms] [ERROR] Cannot draw annotations before axes have been configured. Add axes first, or use suspendUpdates to pause drawing until axes are available. @ https://cdn.jsdelivr.net/npm/scichart@4.0.933/index.min.js:0
[ 3638425ms] [ERROR] Cannot draw annotations before axes have been configured. Add axes first, or use suspendUpdates to pause drawing until axes are available. @ https://cdn.jsdelivr.net/npm/scichart@4.0.933/index.min.js:0
[ 3638425ms] [ERROR] Cannot draw annotations before axes have been configured. Add axes first, or use suspendUpdates to pause drawing until axes are available. @ https://cdn.jsdelivr.net/npm/scichart@4.0.933/index.min.js:0
[ 3638425ms] [ERROR] Cannot draw annotations before axes have been configured. Add axes first, or use suspendUpdates to pause drawing until axes are available. @ https://cdn.jsdelivr.net/npm/scichart@4.0.933/index.min.js:0
[ 3638426ms] [ERROR] Cannot draw annotations before axes have been configured. Add axes first, or use suspendUpdates to pause drawing until axes are available. @ https://cdn.jsdelivr.net/npm/scichart@4.0.933/index.min.js:0
[ 3638426ms] [ERROR] Cannot draw annotations before axes have been configured. Add axes first, or use suspendUpdates to pause drawing until axes are available. @ https://cdn.jsdelivr.net/npm/scichart@4.0.933/index.min.js:0
[ 3638426ms] [ERROR] Cannot draw annotations before axes have been configured. Add axes first, or use suspendUpdates to pause drawing until axes are available. @ https://cdn.jsdelivr.net/npm/scichart@4.0.933/index.min.js:0
[ 3638427ms] [ERROR] Cannot draw annotations before axes have been configured. Add axes first, or use suspendUpdates to pause drawing until axes are available. @ https://cdn.jsdelivr.net/npm/scichart@4.0.933/index.min.js:0
[ 3638427ms] [ERROR] Cannot draw annotations before axes have been configured. Add axes first, or use suspendUpdates to pause drawing until axes are available. @ https://cdn.jsdelivr.net/npm/scichart@4.0.933/index.min.js:0
[ 3638427ms] [ERROR] Cannot draw annotations before axes have been configured. Add axes first, or use suspendUpdates to pause drawing until axes are available. @ https://cdn.jsdelivr.net/npm/scichart@4.0.933/index.min.js:0
[ 3638428ms] [ERROR] Cannot draw annotations before axes have been configured. Add axes first, or use suspendUpdates to pause drawing until axes are available. @ https://cdn.jsdelivr.net/npm/scichart@4.0.933/index.min.js:0
[ 3638428ms] [ERROR] Cannot draw annotations before axes have been configured. Add axes first, or use suspendUpdates to pause drawing until axes are available. @ https://cdn.jsdelivr.net/npm/scichart@4.0.933/index.min.js:0
[ 3638428ms] [ERROR] Cannot draw annotations before axes have been configured. Add axes first, or use suspendUpdates to pause drawing until axes are available. @ https://cdn.jsdelivr.net/npm/scichart@4.0.933/index.min.js:0
[ 3638428ms] [ERROR] Cannot draw annotations before axes have been configured. Add axes first, or use suspendUpdates to pause drawing until axes are available. @ https://cdn.jsdelivr.net/npm/scichart@4.0.933/index.min.js:0
[ 3638429ms] [ERROR] Cannot draw annotations before axes have been configured. Add axes first, or use suspendUpdates to pause drawing until axes are available. @ https://cdn.jsdelivr.net/npm/scichart@4.0.933/index.min.js:0
[ 3638429ms] [ERROR] Cannot draw annotations before axes have been configured. Add axes first, or use suspendUpdates to pause drawing until axes are available. @ https://cdn.jsdelivr.net/npm/scichart@4.0.933/index.min.js:0
[ 3638429ms] [ERROR] Cannot draw annotations before axes have been configured. Add axes first, or use suspendUpdates to pause drawing until axes are available. @ https://cdn.jsdelivr.net/npm/scichart@4.0.933/index.min.js:0
[ 3638429ms] [ERROR] Cannot draw annotations before axes have been configured. Add axes first, or use suspendUpdates to pause drawing until axes are available. @ https://cdn.jsdelivr.net/npm/scichart@4.0.933/index.min.js:0
[ 3638429ms] [ERROR] Cannot draw annotations before axes have been configured. Add axes first, or use suspendUpdates to pause drawing until axes are available. @ https://cdn.jsdelivr.net/npm/scichart@4.0.933/index.min.js:0
[ 3638430ms] [ERROR] Cannot draw annotations before axes have been configured. Add axes first, or use suspendUpdates to pause drawing until axes are available. @ https://cdn.jsdelivr.net/npm/scichart@4.0.933/index.min.js:0
[ 3638430ms] [ERROR] Cannot draw annotations before axes have been configured. Add axes first, or use suspendUpdates to pause drawing until axes are available. @ https://cdn.jsdelivr.net/npm/scichart@4.0.933/index.min.js:0
[ 3638430ms] [ERROR] Cannot draw annotations before axes have been configured. Add axes first, or use suspendUpdates to pause drawing until axes are available. @ https://cdn.jsdelivr.net/npm/scichart@4.0.933/index.min.js:0
[ 3638430ms] [ERROR] Cannot draw annotations before axes have been configured. Add axes first, or use suspendUpdates to pause drawing until axes are available. @ https://cdn.jsdelivr.net/npm/scichart@4.0.933/index.min.js:0
[ 3638430ms] [ERROR] Cannot draw annotations before axes have been configured. Add axes first, or use suspendUpdates to pause drawing until axes are available. @ https://cdn.jsdelivr.net/npm/scichart@4.0.933/index.min.js:0
[ 3638431ms] [ERROR] Cannot draw annotations before axes have been configured. Add axes first, or use suspendUpdates to pause drawing until axes are available. @ https://cdn.jsdelivr.net/npm/scichart@4.0.933/index.min.js:0
[ 3638431ms] [ERROR] Cannot draw annotations before axes have been configured. Add axes first, or use suspendUpdates to pause drawing until axes are available. @ https://cdn.jsdelivr.net/npm/scichart@4.0.933/index.min.js:0
[ 3638431ms] [ERROR] Cannot draw annotations before axes have been configured. Add axes first, or use suspendUpdates to pause drawing until axes are available. @ https://cdn.jsdelivr.net/npm/scichart@4.0.933/index.min.js:0
[ 3638431ms] [ERROR] Cannot draw annotations before axes have been configured. Add axes first, or use suspendUpdates to pause drawing until axes are available. @ https://cdn.jsdelivr.net/npm/scichart@4.0.933/index.min.js:0
[ 3638432ms] [ERROR] Cannot draw annotations before axes have been configured. Add axes first, or use suspendUpdates to pause drawing until axes are available. @ https://cdn.jsdelivr.net/npm/scichart@4.0.933/index.min.js:0
[ 3638432ms] [ERROR] Cannot draw annotations before axes have been configured. Add axes first, or use suspendUpdates to pause drawing until axes are available. @ https://cdn.jsdelivr.net/npm/scichart@4.0.933/index.min.js:0
[ 3638432ms] [ERROR] Cannot draw annotations before axes have been configured. Add axes first, or use suspendUpdates to pause drawing until axes are available. @ https://cdn.jsdelivr.net/npm/scichart@4.0.933/index.min.js:0
[ 3638432ms] [ERROR] Cannot draw annotations before axes have been configured. Add axes first, or use suspendUpdates to pause drawing until axes are available. @ https://cdn.jsdelivr.net/npm/scichart@4.0.933/index.min.js:0
[ 3638432ms] [ERROR] Cannot draw annotations before axes have been configured. Add axes first, or use suspendUpdates to pause drawing until axes are available. @ https://cdn.jsdelivr.net/npm/scichart@4.0.933/index.min.js:0
[ 3638613ms] [ERROR] Cannot draw annotations before axes have been configured. Add axes first, or use suspendUpdates to pause drawing until axes are available. @ https://cdn.jsdelivr.net/npm/scichart@4.0.933/index.min.js:0
[ 3638614ms] [ERROR] Cannot draw annotations before axes have been configured. Add axes first, or use suspendUpdates to pause drawing until axes are available. @ https://cdn.jsdelivr.net/npm/scichart@4.0.933/index.min.js:0
[ 3638614ms] [ERROR] Cannot draw annotations before axes have been configured. Add axes first, or use suspendUpdates to pause drawing until axes are available. @ https://cdn.jsdelivr.net/npm/scichart@4.0.933/index.min.js:0
[ 3638615ms] [ERROR] Cannot draw annotations before axes have been configured. Add axes first, or use suspendUpdates to pause drawing until axes are available. @ https://cdn.jsdelivr.net/npm/scichart@4.0.933/index.min.js:0
[ 3638615ms] [ERROR] Cannot draw annotations before axes have been configured. Add axes first, or use suspendUpdates to pause drawing until axes are available. @ https://cdn.jsdelivr.net/npm/scichart@4.0.933/index.min.js:0
[ 3638616ms] [ERROR] Cannot draw annotations before axes have been configured. Add axes first, or use suspendUpdates to pause drawing until axes are available. @ https://cdn.jsdelivr.net/npm/scichart@4.0.933/index.min.js:0
[ 3638616ms] [ERROR] Cannot draw annotations before axes have been configured. Add axes first, or use suspendUpdates to pause drawing until axes are available. @ https://cdn.jsdelivr.net/npm/scichart@4.0.933/index.min.js:0
[ 3638616ms] [ERROR] Cannot draw annotations before axes have been configured. Add axes first, or use suspendUpdates to pause drawing until axes are available. @ https://cdn.jsdelivr.net/npm/scichart@4.0.933/index.min.js:0
[ 3638616ms] [ERROR] Cannot draw annotations before axes have been configured. Add axes first, or use suspendUpdates to pause drawing until axes are available. @ https://cdn.jsdelivr.net/npm/scichart@4.0.933/index.min.js:0
[ 3638617ms] [ERROR] Cannot draw annotations before axes have been configured. Add axes first, or use suspendUpdates to pause drawing until axes are available. @ https://cdn.jsdelivr.net/npm/scichart@4.0.933/index.min.js:0
[ 3638617ms] [ERROR] Cannot draw annotations before axes have been configured. Add axes first, or use suspendUpdates to pause drawing until axes are available. @ https://cdn.jsdelivr.net/npm/scichart@4.0.933/index.min.js:0
[ 3638617ms] [ERROR] Cannot draw annotations before axes have been configured. Add axes first, or use suspendUpdates to pause drawing until axes are available. @ https://cdn.jsdelivr.net/npm/scichart@4.0.933/index.min.js:0
[ 3638618ms] [ERROR] Cannot draw annotations before axes have been configured. Add axes first, or use suspendUpdates to pause drawing until axes are available. @ https://cdn.jsdelivr.net/npm/scichart@4.0.933/index.min.js:0
[ 3638618ms] [ERROR] Cannot draw annotations before axes have been configured. Add axes first, or use suspendUpdates to pause drawing until axes are available. @ https://cdn.jsdelivr.net/npm/scichart@4.0.933/index.min.js:0
[ 3638618ms] [ERROR] Cannot draw annotations before axes have been configured. Add axes first, or use suspendUpdates to pause drawing until axes are available. @ https://cdn.jsdelivr.net/npm/scichart@4.0.933/index.min.js:0
[ 3638619ms] [ERROR] Cannot draw annotations before axes have been configured. Add axes first, or use suspendUpdates to pause drawing until axes are available. @ https://cdn.jsdelivr.net/npm/scichart@4.0.933/index.min.js:0
[ 3638619ms] [ERROR] Cannot draw annotations before axes have been configured. Add axes first, or use suspendUpdates to pause drawing until axes are available. @ https://cdn.jsdelivr.net/npm/scichart@4.0.933/index.min.js:0
[ 3638619ms] [ERROR] Cannot draw annotations before axes have been configured. Add axes first, or use suspendUpdates to pause drawing until axes are available. @ https://cdn.jsdelivr.net/npm/scichart@4.0.933/index.min.js:0
[ 3638620ms] [ERROR] Cannot draw annotations before axes have been configured. Add axes first, or use suspendUpdates to pause drawing until axes are available. @ https://cdn.jsdelivr.net/npm/scichart@4.0.933/index.min.js:0
[ 3638620ms] [ERROR] Cannot draw annotations before axes have been configured. Add axes first, or use suspendUpdates to pause drawing until axes are available. @ https://cdn.jsdelivr.net/npm/scichart@4.0.933/index.min.js:0
[ 3638620ms] [ERROR] Cannot draw annotations before axes have been configured. Add axes first, or use suspendUpdates to pause drawing until axes are available. @ https://cdn.jsdelivr.net/npm/scichart@4.0.933/index.min.js:0
[ 3638621ms] [ERROR] Cannot draw annotations before axes have been configured. Add axes first, or use suspendUpdates to pause drawing until axes are available. @ https://cdn.jsdelivr.net/npm/scichart@4.0.933/index.min.js:0
[ 3638621ms] [ERROR] Cannot draw annotations before axes have been configured. Add axes first, or use suspendUpdates to pause drawing until axes are available. @ https://cdn.jsdelivr.net/npm/scichart@4.0.933/index.min.js:0
[ 3638621ms] [ERROR] Cannot draw annotations before axes have been configured. Add axes first, or use suspendUpdates to pause drawing until axes are available. @ https://cdn.jsdelivr.net/npm/scichart@4.0.933/index.min.js:0
[ 3638621ms] [ERROR] Cannot draw annotations before axes have been configured. Add axes first, or use suspendUpdates to pause drawing until axes are available. @ https://cdn.jsdelivr.net/npm/scichart@4.0.933/index.min.js:0
[ 3638621ms] [ERROR] Cannot draw annotations before axes have been configured. Add axes first, or use suspendUpdates to pause drawing until axes are available. @ https://cdn.jsdelivr.net/npm/scichart@4.0.933/index.min.js:0
[ 3638622ms] [ERROR] Cannot draw annotations before axes have been configured. Add axes first, or use suspendUpdates to pause drawing until axes are available. @ https://cdn.jsdelivr.net/npm/scichart@4.0.933/index.min.js:0
[ 3638622ms] [ERROR] Cannot draw annotations before axes have been configured. Add axes first, or use suspendUpdates to pause drawing until axes are available. @ https://cdn.jsdelivr.net/npm/scichart@4.0.933/index.min.js:0
[ 3638622ms] [ERROR] Cannot draw annotations before axes have been configured. Add axes first, or use suspendUpdates to pause drawing until axes are available. @ https://cdn.jsdelivr.net/npm/scichart@4.0.933/index.min.js:0
[ 3638622ms] [ERROR] Cannot draw annotations before axes have been configured. Add axes first, or use suspendUpdates to pause drawing until axes are available. @ https://cdn.jsdelivr.net/npm/scichart@4.0.933/index.min.js:0
[ 3638623ms] [ERROR] Cannot draw annotations before axes have been configured. Add axes first, or use suspendUpdates to pause drawing until axes are available. @ https://cdn.jsdelivr.net/npm/scichart@4.0.933/index.min.js:0
[ 3638623ms] [ERROR] Cannot draw annotations before axes have been configured. Add axes first, or use suspendUpdates to pause drawing until axes are available. @ https://cdn.jsdelivr.net/npm/scichart@4.0.933/index.min.js:0
[ 3638623ms] [ERROR] Cannot draw annotations before axes have been configured. Add axes first, or use suspendUpdates to pause drawing until axes are available. @ https://cdn.jsdelivr.net/npm/scichart@4.0.933/index.min.js:0
[ 3638624ms] [ERROR] Cannot draw annotations before axes have been configured. Add axes first, or use suspendUpdates to pause drawing until axes are available. @ https://cdn.jsdelivr.net/npm/scichart@4.0.933/index.min.js:0
[ 3638624ms] [ERROR] Cannot draw annotations before axes have been configured. Add axes first, or use suspendUpdates to pause drawing until axes are available. @ https://cdn.jsdelivr.net/npm/scichart@4.0.933/index.min.js:0
[ 3638624ms] [ERROR] Cannot draw annotations before axes have been configured. Add axes first, or use suspendUpdates to pause drawing until axes are available. @ https://cdn.jsdelivr.net/npm/scichart@4.0.933/index.min.js:0
[ 3638625ms] [ERROR] Cannot draw annotations before axes have been configured. Add axes first, or use suspendUpdates to pause drawing until axes are available. @ https://cdn.jsdelivr.net/npm/scichart@4.0.933/index.min.js:0
[ 3638625ms] [ERROR] Cannot draw annotations before axes have been configured. Add axes first, or use suspendUpdates to pause drawing until axes are available. @ https://cdn.jsdelivr.net/npm/scichart@4.0.933/index.min.js:0
[ 3638625ms] [ERROR] Cannot draw annotations before axes have been configured. Add axes first, or use suspendUpdates to pause drawing until axes are available. @ https://cdn.jsdelivr.net/npm/scichart@4.0.933/index.min.js:0
[ 3638626ms] [ERROR] Cannot draw annotations before axes have been configured. Add axes first, or use suspendUpdates to pause drawing until axes are available. @ https://cdn.jsdelivr.net/npm/scichart@4.0.933/index.min.js:0
[ 3638626ms] [ERROR] Cannot draw annotations before axes have been configured. Add axes first, or use suspendUpdates to pause drawing until axes are available. @ https://cdn.jsdelivr.net/npm/scichart@4.0.933/index.min.js:0
[ 3638626ms] [ERROR] Cannot draw annotations before axes have been configured. Add axes first, or use suspendUpdates to pause drawing until axes are available. @ https://cdn.jsdelivr.net/npm/scichart@4.0.933/index.min.js:0
[ 3638626ms] [ERROR] Cannot draw annotations before axes have been configured. Add axes first, or use suspendUpdates to pause drawing until axes are available. @ https://cdn.jsdelivr.net/npm/scichart@4.0.933/index.min.js:0
[ 3638627ms] [ERROR] Cannot draw annotations before axes have been configured. Add axes first, or use suspendUpdates to pause drawing until axes are available. @ https://cdn.jsdelivr.net/npm/scichart@4.0.933/index.min.js:0
[ 3638627ms] [ERROR] Cannot draw annotations before axes have been configured. Add axes first, or use suspendUpdates to pause drawing until axes are available. @ https://cdn.jsdelivr.net/npm/scichart@4.0.933/index.min.js:0
[ 3638627ms] [ERROR] Cannot draw annotations before axes have been configured. Add axes first, or use suspendUpdates to pause drawing until axes are available. @ https://cdn.jsdelivr.net/npm/scichart@4.0.933/index.min.js:0
[ 3638627ms] [ERROR] Cannot draw annotations before axes have been configured. Add axes first, or use suspendUpdates to pause drawing until axes are available. @ https://cdn.jsdelivr.net/npm/scichart@4.0.933/index.min.js:0
[ 3638627ms] [ERROR] Cannot draw annotations before axes have been configured. Add axes first, or use suspendUpdates to pause drawing until axes are available. @ https://cdn.jsdelivr.net/npm/scichart@4.0.933/index.min.js:0
[ 3638628ms] [ERROR] Cannot draw annotations before axes have been configured. Add axes first, or use suspendUpdates to pause drawing until axes are available. @ https://cdn.jsdelivr.net/npm/scichart@4.0.933/index.min.js:0
[ 3638628ms] [ERROR] Cannot draw annotations before axes have been configured. Add axes first, or use suspendUpdates to pause drawing until axes are available. @ https://cdn.jsdelivr.net/npm/scichart@4.0.933/index.min.js:0
[ 3638628ms] [ERROR] Cannot draw annotations before axes have been configured. Add axes first, or use suspendUpdates to pause drawing until axes are available. @ https://cdn.jsdelivr.net/npm/scichart@4.0.933/index.min.js:0
[ 3638628ms] [ERROR] Cannot draw annotations before axes have been configured. Add axes first, or use suspendUpdates to pause drawing until axes are available. @ https://cdn.jsdelivr.net/npm/scichart@4.0.933/index.min.js:0
[ 3638629ms] [ERROR] Cannot draw annotations before axes have been configured. Add axes first, or use suspendUpdates to pause drawing until axes are available. @ https://cdn.jsdelivr.net/npm/scichart@4.0.933/index.min.js:0
[ 3638629ms] [ERROR] Cannot draw annotations before axes have been configured. Add axes first, or use suspendUpdates to pause drawing until axes are available. @ https://cdn.jsdelivr.net/npm/scichart@4.0.933/index.min.js:0
[ 3638654ms] [ERROR] Cannot draw annotations before axes have been configured. Add axes first, or use suspendUpdates to pause drawing until axes are available. @ https://cdn.jsdelivr.net/npm/scichart@4.0.933/index.min.js:0
[ 3638654ms] [ERROR] Cannot draw annotations before axes have been configured. Add axes first, or use suspendUpdates to pause drawing until axes are available. @ https://cdn.jsdelivr.net/npm/scichart@4.0.933/index.min.js:0
[ 3638654ms] [ERROR] Cannot draw annotations before axes have been configured. Add axes first, or use suspendUpdates to pause drawing until axes are available. @ https://cdn.jsdelivr.net/npm/scichart@4.0.933/index.min.js:0
[ 3638655ms] [ERROR] Cannot draw annotations before axes have been configured. Add axes first, or use suspendUpdates to pause drawing until axes are available. @ https://cdn.jsdelivr.net/npm/scichart@4.0.933/index.min.js:0
[ 3638655ms] [ERROR] Cannot draw annotations before axes have been configured. Add axes first, or use suspendUpdates to pause drawing until axes are available. @ https://cdn.jsdelivr.net/npm/scichart@4.0.933/index.min.js:0
[ 3638655ms] [ERROR] Cannot draw annotations before axes have been configured. Add axes first, or use suspendUpdates to pause drawing until axes are available. @ https://cdn.jsdelivr.net/npm/scichart@4.0.933/index.min.js:0
[ 3638655ms] [ERROR] Cannot draw annotations before axes have been configured. Add axes first, or use suspendUpdates to pause drawing until axes are available. @ https://cdn.jsdelivr.net/npm/scichart@4.0.933/index.min.js:0
[ 3638655ms] [ERROR] Cannot draw annotations before axes have been configured. Add axes first, or use suspendUpdates to pause drawing until axes are available. @ https://cdn.jsdelivr.net/npm/scichart@4.0.933/index.min.js:0
[ 3638656ms] [ERROR] Cannot draw annotations before axes have been configured. Add axes first, or use suspendUpdates to pause drawing until axes are available. @ https://cdn.jsdelivr.net/npm/scichart@4.0.933/index.min.js:0
[ 3638656ms] [ERROR] Cannot draw annotations before axes have been configured. Add axes first, or use suspendUpdates to pause drawing until axes are available. @ https://cdn.jsdelivr.net/npm/scichart@4.0.933/index.min.js:0
[ 3638656ms] [ERROR] Cannot draw annotations before axes have been configured. Add axes first, or use suspendUpdates to pause drawing until axes are available. @ https://cdn.jsdelivr.net/npm/scichart@4.0.933/index.min.js:0
[ 3638656ms] [ERROR] Cannot draw annotations before axes have been configured. Add axes first, or use suspendUpdates to pause drawing until axes are available. @ https://cdn.jsdelivr.net/npm/scichart@4.0.933/index.min.js:0
[ 3638657ms] [ERROR] Cannot draw annotations before axes have been configured. Add axes first, or use suspendUpdates to pause drawing until axes are available. @ https://cdn.jsdelivr.net/npm/scichart@4.0.933/index.min.js:0
[ 3638657ms] [ERROR] Cannot draw annotations before axes have been configured. Add axes first, or use suspendUpdates to pause drawing until axes are available. @ https://cdn.jsdelivr.net/npm/scichart@4.0.933/index.min.js:0
[ 3638657ms] [ERROR] Cannot draw annotations before axes have been configured. Add axes first, or use suspendUpdates to pause drawing until axes are available. @ https://cdn.jsdelivr.net/npm/scichart@4.0.933/index.min.js:0
[ 3638658ms] [ERROR] Cannot draw annotations before axes have been configured. Add axes first, or use suspendUpdates to pause drawing until axes are available. @ https://cdn.jsdelivr.net/npm/scichart@4.0.933/index.min.js:0
[ 3638658ms] [ERROR] Cannot draw annotations before axes have been configured. Add axes first, or use suspendUpdates to pause drawing until axes are available. @ https://cdn.jsdelivr.net/npm/scichart@4.0.933/index.min.js:0
[ 3638659ms] [ERROR] Cannot draw annotations before axes have been configured. Add axes first, or use suspendUpdates to pause drawing until axes are available. @ https://cdn.jsdelivr.net/npm/scichart@4.0.933/index.min.js:0
[ 3638659ms] [ERROR] Cannot draw annotations before axes have been configured. Add axes first, or use suspendUpdates to pause drawing until axes are available. @ https://cdn.jsdelivr.net/npm/scichart@4.0.933/index.min.js:0
[ 3638659ms] [ERROR] Cannot draw annotations before axes have been configured. Add axes first, or use suspendUpdates to pause drawing until axes are available. @ https://cdn.jsdelivr.net/npm/scichart@4.0.933/index.min.js:0
[ 3638659ms] [ERROR] Cannot draw annotations before axes have been configured. Add axes first, or use suspendUpdates to pause drawing until axes are available. @ https://cdn.jsdelivr.net/npm/scichart@4.0.933/index.min.js:0
[ 3638659ms] [ERROR] Cannot draw annotations before axes have been configured. Add axes first, or use suspendUpdates to pause drawing until axes are available. @ https://cdn.jsdelivr.net/npm/scichart@4.0.933/index.min.js:0
[ 3638660ms] [ERROR] Cannot draw annotations before axes have been configured. Add axes first, or use suspendUpdates to pause drawing until axes are available. @ https://cdn.jsdelivr.net/npm/scichart@4.0.933/index.min.js:0
[ 3638660ms] [ERROR] Cannot draw annotations before axes have been configured. Add axes first, or use suspendUpdates to pause drawing until axes are available. @ https://cdn.jsdelivr.net/npm/scichart@4.0.933/index.min.js:0
[ 3638660ms] [ERROR] Cannot draw annotations before axes have been configured. Add axes first, or use suspendUpdates to pause drawing until axes are available. @ https://cdn.jsdelivr.net/npm/scichart@4.0.933/index.min.js:0
[ 3638660ms] [ERROR] Cannot draw annotations before axes have been configured. Add axes first, or use suspendUpdates to pause drawing until axes are available. @ https://cdn.jsdelivr.net/npm/scichart@4.0.933/index.min.js:0
[ 3638661ms] [ERROR] Cannot draw annotations before axes have been configured. Add axes first, or use suspendUpdates to pause drawing until axes are available. @ https://cdn.jsdelivr.net/npm/scichart@4.0.933/index.min.js:0
[ 3638661ms] [ERROR] Cannot draw annotations before axes have been configured. Add axes first, or use suspendUpdates to pause drawing until axes are available. @ https://cdn.jsdelivr.net/npm/scichart@4.0.933/index.min.js:0
[ 3638662ms] [ERROR] Cannot draw annotations before axes have been configured. Add axes first, or use suspendUpdates to pause drawing until axes are available. @ https://cdn.jsdelivr.net/npm/scichart@4.0.933/index.min.js:0
[ 3638662ms] [ERROR] Cannot draw annotations before axes have been configured. Add axes first, or use suspendUpdates to pause drawing until axes are available. @ https://cdn.jsdelivr.net/npm/scichart@4.0.933/index.min.js:0
[ 3638662ms] [ERROR] Cannot draw annotations before axes have been configured. Add axes first, or use suspendUpdates to pause drawing until axes are available. @ https://cdn.jsdelivr.net/npm/scichart@4.0.933/index.min.js:0
[ 3638662ms] [ERROR] Cannot draw annotations before axes have been configured. Add axes first, or use suspendUpdates to pause drawing until axes are available. @ https://cdn.jsdelivr.net/npm/scichart@4.0.933/index.min.js:0
[ 3638662ms] [ERROR] Cannot draw annotations before axes have been configured. Add axes first, or use suspendUpdates to pause drawing until axes are available. @ https://cdn.jsdelivr.net/npm/scichart@4.0.933/index.min.js:0
[ 3638663ms] [ERROR] Cannot draw annotations before axes have been configured. Add axes first, or use suspendUpdates to pause drawing until axes are available. @ https://cdn.jsdelivr.net/npm/scichart@4.0.933/index.min.js:0
[ 3638663ms] [ERROR] Cannot draw annotations before axes have been configured. Add axes first, or use suspendUpdates to pause drawing until axes are available. @ https://cdn.jsdelivr.net/npm/scichart@4.0.933/index.min.js:0
[ 3638663ms] [ERROR] Cannot draw annotations before axes have been configured. Add axes first, or use suspendUpdates to pause drawing until axes are available. @ https://cdn.jsdelivr.net/npm/scichart@4.0.933/index.min.js:0
[ 3638663ms] [ERROR] Cannot draw annotations before axes have been configured. Add axes first, or use suspendUpdates to pause drawing until axes are available. @ https://cdn.jsdelivr.net/npm/scichart@4.0.933/index.min.js:0
[ 3638664ms] [ERROR] Cannot draw annotations before axes have been configured. Add axes first, or use suspendUpdates to pause drawing until axes are available. @ https://cdn.jsdelivr.net/npm/scichart@4.0.933/index.min.js:0
[ 3638664ms] [ERROR] Cannot draw annotations before axes have been configured. Add axes first, or use suspendUpdates to pause drawing until axes are available. @ https://cdn.jsdelivr.net/npm/scichart@4.0.933/index.min.js:0
[ 3638664ms] [ERROR] Cannot draw annotations before axes have been configured. Add axes first, or use suspendUpdates to pause drawing until axes are available. @ https://cdn.jsdelivr.net/npm/scichart@4.0.933/index.min.js:0
[ 3638664ms] [ERROR] Cannot draw annotations before axes have been configured. Add axes first, or use suspendUpdates to pause drawing until axes are available. @ https://cdn.jsdelivr.net/npm/scichart@4.0.933/index.min.js:0
[ 3638664ms] [ERROR] Cannot draw annotations before axes have been configured. Add axes first, or use suspendUpdates to pause drawing until axes are available. @ https://cdn.jsdelivr.net/npm/scichart@4.0.933/index.min.js:0
[ 3638665ms] [ERROR] Cannot draw annotations before axes have been configured. Add axes first, or use suspendUpdates to pause drawing until axes are available. @ https://cdn.jsdelivr.net/npm/scichart@4.0.933/index.min.js:0
[ 3638665ms] [ERROR] Cannot draw annotations before axes have been configured. Add axes first, or use suspendUpdates to pause drawing until axes are available. @ https://cdn.jsdelivr.net/npm/scichart@4.0.933/index.min.js:0
[ 3638665ms] [ERROR] Cannot draw annotations before axes have been configured. Add axes first, or use suspendUpdates to pause drawing until axes are available. @ https://cdn.jsdelivr.net/npm/scichart@4.0.933/index.min.js:0
[ 3638665ms] [ERROR] Cannot draw annotations before axes have been configured. Add axes first, or use suspendUpdates to pause drawing until axes are available. @ https://cdn.jsdelivr.net/npm/scichart@4.0.933/index.min.js:0
[ 3638665ms] [ERROR] Cannot draw annotations before axes have been configured. Add axes first, or use suspendUpdates to pause drawing until axes are available. @ https://cdn.jsdelivr.net/npm/scichart@4.0.933/index.min.js:0
[ 3638666ms] [ERROR] Cannot draw annotations before axes have been configured. Add axes first, or use suspendUpdates to pause drawing until axes are available. @ https://cdn.jsdelivr.net/npm/scichart@4.0.933/index.min.js:0
[ 3638666ms] [ERROR] Cannot draw annotations before axes have been configured. Add axes first, or use suspendUpdates to pause drawing until axes are available. @ https://cdn.jsdelivr.net/npm/scichart@4.0.933/index.min.js:0
[ 3638666ms] [ERROR] Cannot draw annotations before axes have been configured. Add axes first, or use suspendUpdates to pause drawing until axes are available. @ https://cdn.jsdelivr.net/npm/scichart@4.0.933/index.min.js:0
[ 3638666ms] [ERROR] Cannot draw annotations before axes have been configured. Add axes first, or use suspendUpdates to pause drawing until axes are available. @ https://cdn.jsdelivr.net/npm/scichart@4.0.933/index.min.js:0
[ 3638666ms] [ERROR] Cannot draw annotations before axes have been configured. Add axes first, or use suspendUpdates to pause drawing until axes are available. @ https://cdn.jsdelivr.net/npm/scichart@4.0.933/index.min.js:0
[ 3638667ms] [ERROR] Cannot draw annotations before axes have been configured. Add axes first, or use suspendUpdates to pause drawing until axes are available. @ https://cdn.jsdelivr.net/npm/scichart@4.0.933/index.min.js:0
[ 3638667ms] [ERROR] Cannot draw annotations before axes have been configured. Add axes first, or use suspendUpdates to pause drawing until axes are available. @ https://cdn.jsdelivr.net/npm/scichart@4.0.933/index.min.js:0
[ 3638667ms] [ERROR] Cannot draw annotations before axes have been configured. Add axes first, or use suspendUpdates to pause drawing until axes are available. @ https://cdn.jsdelivr.net/npm/scichart@4.0.933/index.min.js:0
[ 3638667ms] [ERROR] Cannot draw annotations before axes have been configured. Add axes first, or use suspendUpdates to pause drawing until axes are available. @ https://cdn.jsdelivr.net/npm/scichart@4.0.933/index.min.js:0
[ 3645290ms] [ERROR] Cannot draw annotations before axes have been configured. Add axes first, or use suspendUpdates to pause drawing until axes are available. @ https://cdn.jsdelivr.net/npm/scichart@4.0.933/index.min.js:0
[ 3645291ms] [ERROR] Cannot draw annotations before axes have been configured. Add axes first, or use suspendUpdates to pause drawing until axes are available. @ https://cdn.jsdelivr.net/npm/scichart@4.0.933/index.min.js:0
[ 3645291ms] [ERROR] Cannot draw annotations before axes have been configured. Add axes first, or use suspendUpdates to pause drawing until axes are available. @ https://cdn.jsdelivr.net/npm/scichart@4.0.933/index.min.js:0
[ 3645291ms] [ERROR] Cannot draw annotations before axes have been configured. Add axes first, or use suspendUpdates to pause drawing until axes are available. @ https://cdn.jsdelivr.net/npm/scichart@4.0.933/index.min.js:0
[ 3645291ms] [ERROR] Cannot draw annotations before axes have been configured. Add axes first, or use suspendUpdates to pause drawing until axes are available. @ https://cdn.jsdelivr.net/npm/scichart@4.0.933/index.min.js:0
[ 3645292ms] [ERROR] Cannot draw annotations before axes have been configured. Add axes first, or use suspendUpdates to pause drawing until axes are available. @ https://cdn.jsdelivr.net/npm/scichart@4.0.933/index.min.js:0
[ 3645292ms] [ERROR] Cannot draw annotations before axes have been configured. Add axes first, or use suspendUpdates to pause drawing until axes are available. @ https://cdn.jsdelivr.net/npm/scichart@4.0.933/index.min.js:0
[ 3645292ms] [ERROR] Cannot draw annotations before axes have been configured. Add axes first, or use suspendUpdates to pause drawing until axes are available. @ https://cdn.jsdelivr.net/npm/scichart@4.0.933/index.min.js:0
[ 3645292ms] [ERROR] Cannot draw annotations before axes have been configured. Add axes first, or use suspendUpdates to pause drawing until axes are available. @ https://cdn.jsdelivr.net/npm/scichart@4.0.933/index.min.js:0
[ 3645292ms] [ERROR] Cannot draw annotations before axes have been configured. Add axes first, or use suspendUpdates to pause drawing until axes are available. @ https://cdn.jsdelivr.net/npm/scichart@4.0.933/index.min.js:0
[ 3645293ms] [ERROR] Cannot draw annotations before axes have been configured. Add axes first, or use suspendUpdates to pause drawing until axes are available. @ https://cdn.jsdelivr.net/npm/scichart@4.0.933/index.min.js:0
[ 3645293ms] [ERROR] Cannot draw annotations before axes have been configured. Add axes first, or use suspendUpdates to pause drawing until axes are available. @ https://cdn.jsdelivr.net/npm/scichart@4.0.933/index.min.js:0
[ 3645293ms] [ERROR] Cannot draw annotations before axes have been configured. Add axes first, or use suspendUpdates to pause drawing until axes are available. @ https://cdn.jsdelivr.net/npm/scichart@4.0.933/index.min.js:0
[ 3645293ms] [ERROR] Cannot draw annotations before axes have been configured. Add axes first, or use suspendUpdates to pause drawing until axes are available. @ https://cdn.jsdelivr.net/npm/scichart@4.0.933/index.min.js:0
[ 3645293ms] [ERROR] Cannot draw annotations before axes have been configured. Add axes first, or use suspendUpdates to pause drawing until axes are available. @ https://cdn.jsdelivr.net/npm/scichart@4.0.933/index.min.js:0
[ 3645294ms] [ERROR] Cannot draw annotations before axes have been configured. Add axes first, or use suspendUpdates to pause drawing until axes are available. @ https://cdn.jsdelivr.net/npm/scichart@4.0.933/index.min.js:0
[ 3645294ms] [ERROR] Cannot draw annotations before axes have been configured. Add axes first, or use suspendUpdates to pause drawing until axes are available. @ https://cdn.jsdelivr.net/npm/scichart@4.0.933/index.min.js:0
[ 3645294ms] [ERROR] Cannot draw annotations before axes have been configured. Add axes first, or use suspendUpdates to pause drawing until axes are available. @ https://cdn.jsdelivr.net/npm/scichart@4.0.933/index.min.js:0
[ 3645294ms] [ERROR] Cannot draw annotations before axes have been configured. Add axes first, or use suspendUpdates to pause drawing until axes are available. @ https://cdn.jsdelivr.net/npm/scichart@4.0.933/index.min.js:0
[ 3645295ms] [ERROR] Cannot draw annotations before axes have been configured. Add axes first, or use suspendUpdates to pause drawing until axes are available. @ https://cdn.jsdelivr.net/npm/scichart@4.0.933/index.min.js:0
[ 3645295ms] [ERROR] Cannot draw annotations before axes have been configured. Add axes first, or use suspendUpdates to pause drawing until axes are available. @ https://cdn.jsdelivr.net/npm/scichart@4.0.933/index.min.js:0
[ 3645295ms] [ERROR] Cannot draw annotations before axes have been configured. Add axes first, or use suspendUpdates to pause drawing until axes are available. @ https://cdn.jsdelivr.net/npm/scichart@4.0.933/index.min.js:0
[ 3645295ms] [ERROR] Cannot draw annotations before axes have been configured. Add axes first, or use suspendUpdates to pause drawing until axes are available. @ https://cdn.jsdelivr.net/npm/scichart@4.0.933/index.min.js:0
[ 3645295ms] [ERROR] Cannot draw annotations before axes have been configured. Add axes first, or use suspendUpdates to pause drawing until axes are available. @ https://cdn.jsdelivr.net/npm/scichart@4.0.933/index.min.js:0
[ 3645296ms] [ERROR] Cannot draw annotations before axes have been configured. Add axes first, or use suspendUpdates to pause drawing until axes are available. @ https://cdn.jsdelivr.net/npm/scichart@4.0.933/index.min.js:0
[ 3645296ms] [ERROR] Cannot draw annotations before axes have been configured. Add axes first, or use suspendUpdates to pause drawing until axes are available. @ https://cdn.jsdelivr.net/npm/scichart@4.0.933/index.min.js:0
[ 3645296ms] [ERROR] Cannot draw annotations before axes have been configured. Add axes first, or use suspendUpdates to pause drawing until axes are available. @ https://cdn.jsdelivr.net/npm/scichart@4.0.933/index.min.js:0
[ 3645296ms] [ERROR] Cannot draw annotations before axes have been configured. Add axes first, or use suspendUpdates to pause drawing until axes are available. @ https://cdn.jsdelivr.net/npm/scichart@4.0.933/index.min.js:0
[ 3645297ms] [ERROR] Cannot draw annotations before axes have been configured. Add axes first, or use suspendUpdates to pause drawing until axes are available. @ https://cdn.jsdelivr.net/npm/scichart@4.0.933/index.min.js:0
[ 3645297ms] [ERROR] Cannot draw annotations before axes have been configured. Add axes first, or use suspendUpdates to pause drawing until axes are available. @ https://cdn.jsdelivr.net/npm/scichart@4.0.933/index.min.js:0
[ 3645297ms] [ERROR] Cannot draw annotations before axes have been configured. Add axes first, or use suspendUpdates to pause drawing until axes are available. @ https://cdn.jsdelivr.net/npm/scichart@4.0.933/index.min.js:0
[ 3645297ms] [ERROR] Cannot draw annotations before axes have been configured. Add axes first, or use suspendUpdates to pause drawing until axes are available. @ https://cdn.jsdelivr.net/npm/scichart@4.0.933/index.min.js:0
[ 3645298ms] [ERROR] Cannot draw annotations before axes have been configured. Add axes first, or use suspendUpdates to pause drawing until axes are available. @ https://cdn.jsdelivr.net/npm/scichart@4.0.933/index.min.js:0
[ 3645298ms] [ERROR] Cannot draw annotations before axes have been configured. Add axes first, or use suspendUpdates to pause drawing until axes are available. @ https://cdn.jsdelivr.net/npm/scichart@4.0.933/index.min.js:0
[ 3645298ms] [ERROR] Cannot draw annotations before axes have been configured. Add axes first, or use suspendUpdates to pause drawing until axes are available. @ https://cdn.jsdelivr.net/npm/scichart@4.0.933/index.min.js:0
[ 3645298ms] [ERROR] Cannot draw annotations before axes have been configured. Add axes first, or use suspendUpdates to pause drawing until axes are available. @ https://cdn.jsdelivr.net/npm/scichart@4.0.933/index.min.js:0
[ 3645298ms] [ERROR] Cannot draw annotations before axes have been configured. Add axes first, or use suspendUpdates to pause drawing until axes are available. @ https://cdn.jsdelivr.net/npm/scichart@4.0.933/index.min.js:0
[ 3645299ms] [ERROR] Cannot draw annotations before axes have been configured. Add axes first, or use suspendUpdates to pause drawing until axes are available. @ https://cdn.jsdelivr.net/npm/scichart@4.0.933/index.min.js:0
[ 3645299ms] [ERROR] Cannot draw annotations before axes have been configured. Add axes first, or use suspendUpdates to pause drawing until axes are available. @ https://cdn.jsdelivr.net/npm/scichart@4.0.933/index.min.js:0
[ 3645299ms] [ERROR] Cannot draw annotations before axes have been configured. Add axes first, or use suspendUpdates to pause drawing until axes are available. @ https://cdn.jsdelivr.net/npm/scichart@4.0.933/index.min.js:0
[ 3645299ms] [ERROR] Cannot draw annotations before axes have been configured. Add axes first, or use suspendUpdates to pause drawing until axes are available. @ https://cdn.jsdelivr.net/npm/scichart@4.0.933/index.min.js:0
[ 3645300ms] [ERROR] Cannot draw annotations before axes have been configured. Add axes first, or use suspendUpdates to pause drawing until axes are available. @ https://cdn.jsdelivr.net/npm/scichart@4.0.933/index.min.js:0
[ 3645300ms] [ERROR] Cannot draw annotations before axes have been configured. Add axes first, or use suspendUpdates to pause drawing until axes are available. @ https://cdn.jsdelivr.net/npm/scichart@4.0.933/index.min.js:0
[ 3645300ms] [ERROR] Cannot draw annotations before axes have been configured. Add axes first, or use suspendUpdates to pause drawing until axes are available. @ https://cdn.jsdelivr.net/npm/scichart@4.0.933/index.min.js:0
[ 3645303ms] [ERROR] Cannot draw annotations before axes have been configured. Add axes first, or use suspendUpdates to pause drawing until axes are available. @ https://cdn.jsdelivr.net/npm/scichart@4.0.933/index.min.js:0
[ 3645303ms] [ERROR] Cannot draw annotations before axes have been configured. Add axes first, or use suspendUpdates to pause drawing until axes are available. @ https://cdn.jsdelivr.net/npm/scichart@4.0.933/index.min.js:0
[ 3645303ms] [ERROR] Cannot draw annotations before axes have been configured. Add axes first, or use suspendUpdates to pause drawing until axes are available. @ https://cdn.jsdelivr.net/npm/scichart@4.0.933/index.min.js:0
[ 3645303ms] [ERROR] Cannot draw annotations before axes have been configured. Add axes first, or use suspendUpdates to pause drawing until axes are available. @ https://cdn.jsdelivr.net/npm/scichart@4.0.933/index.min.js:0
[ 3645304ms] [ERROR] Cannot draw annotations before axes have been configured. Add axes first, or use suspendUpdates to pause drawing until axes are available. @ https://cdn.jsdelivr.net/npm/scichart@4.0.933/index.min.js:0
[ 3645304ms] [ERROR] Cannot draw annotations before axes have been configured. Add axes first, or use suspendUpdates to pause drawing until axes are available. @ https://cdn.jsdelivr.net/npm/scichart@4.0.933/index.min.js:0
[ 3645304ms] [ERROR] Cannot draw annotations before axes have been configured. Add axes first, or use suspendUpdates to pause drawing until axes are available. @ https://cdn.jsdelivr.net/npm/scichart@4.0.933/index.min.js:0
[ 3645304ms] [ERROR] Cannot draw annotations before axes have been configured. Add axes first, or use suspendUpdates to pause drawing until axes are available. @ https://cdn.jsdelivr.net/npm/scichart@4.0.933/index.min.js:0
[ 3645304ms] [ERROR] Cannot draw annotations before axes have been configured. Add axes first, or use suspendUpdates to pause drawing until axes are available. @ https://cdn.jsdelivr.net/npm/scichart@4.0.933/index.min.js:0
[ 3645305ms] [ERROR] Cannot draw annotations before axes have been configured. Add axes first, or use suspendUpdates to pause drawing until axes are available. @ https://cdn.jsdelivr.net/npm/scichart@4.0.933/index.min.js:0
[ 3645305ms] [ERROR] Cannot draw annotations before axes have been configured. Add axes first, or use suspendUpdates to pause drawing until axes are available. @ https://cdn.jsdelivr.net/npm/scichart@4.0.933/index.min.js:0
[ 3645305ms] [ERROR] Cannot draw annotations before axes have been configured. Add axes first, or use suspendUpdates to pause drawing until axes are available. @ https://cdn.jsdelivr.net/npm/scichart@4.0.933/index.min.js:0
[ 3645305ms] [ERROR] Cannot draw annotations before axes have been configured. Add axes first, or use suspendUpdates to pause drawing until axes are available. @ https://cdn.jsdelivr.net/npm/scichart@4.0.933/index.min.js:0
[ 3645808ms] [LOG] Defaulting to SciChart Community Edition. Usage constitutes acceptance of our EULA and terms at https://www.scichart.com/community-licensing. See https://store.scichart.com for commercial licensing options. @ https://cdn.jsdelivr.net/npm/scichart@4.0.933/index.min.js:0
[ 3645808ms] [LOG] The community license is valid for 6 months from the date the version in use was released.  This version 4.0.933 has 74 days remaining @ https://cdn.jsdelivr.net/npm/scichart@4.0.933/index.min.js:0
[ 3645852ms] [ERROR] Failed to load resource: net::ERR_CONNECTION_REFUSED @ http://localhost:24278/license:0
[ 3650871ms] [ERROR] Failed to load resource: net::ERR_CONNECTION_REFUSED @ http://localhost:24278/license:0
[ 3655888ms] [ERROR] Failed to load resource: net::ERR_CONNECTION_REFUSED @ http://localhost:24278/license:0
[ 3660898ms] [ERROR] Failed to load resource: net::ERR_CONNECTION_REFUSED @ http://localhost:24278/license:0
